Gmina	Frekwencja	Andrzej Sebastian DUDA	Rafał Kazimierz TRZASKOWSKI
Czarnia	59.30	84.91	15.09
Krasne	61.46	79.88	20.12
Słupia (Jędrzejowska)	63.75	79.91	20.09
Lipnica Wielka	67.08	86.53	13.47
Kuźnica	62.20	75.31	24.69
Warnice	60.79	66.71	33.29
Huszlew	67.28	85.74	14.26
Gnojno	66.76	83.11	16.89
Jarczów	59.63	83.80	16.20
Pałecznica	67.35	81.72	18.28
Czarnocin	58.92	77.71	22.29
Bisztynek	51.74	52.39	47.61
Przeworno	63.98	65.74	34.26
Miłki	63.00	42.59	57.41
Aleksandrów	62.40	85.18	14.82
Wojsławice	59.91	79.98	20.02
Dołhobyczów	54.88	76.75	23.25
Ciechanów	64.64	63.49	36.51
Cewice	64.79	55.16	44.84
Sadowie	65.76	75.87	24.13
Gościeradów	62.95	77.96	22.04
Przesmyki	67.91	84.76	15.24
Rewal	85.05	32.68	67.32
Stare Bogaczowice	66.45	45.80	54.20
Tyrawa Wołoska	59.46	74.66	25.34
Świątki	54.46	56.31	43.69
Budry	52.29	63.46	36.54
Sośno	57.69	62.01	37.99
Bytnica	60.88	48.72	51.28
Gniewoszów	67.34	77.68	22.32
Filipów	59.11	71.35	28.65
Działoszyce	61.23	73.19	26.81
Nielisz	60.23	78.10	21.90
Opatowiec	54.16	67.10	32.90
Ostroróg	66.58	45.86	54.14
Świerzno	60.66	43.19	56.81
Osiek	58.80	66.91	33.09
Lubiszyn	60.43	44.30	55.70
Wieczfnia Kościelna	65.66	76.90	23.10
Czernice Borowe	67.33	79.27	20.73
Lipsk	59.28	74.60	25.40
Malczyce	62.89	58.49	41.51
Łasin	58.83	61.41	38.59
Lniano	64.94	59.45	40.55
Łopiennik Górny	61.09	80.77	19.23
Bobrowice	61.57	46.13	53.87
Drawsko	65.58	55.83	44.17
Dąbie	66.15	77.56	22.44
Skępe	62.96	57.95	42.05
Rypin	64.70	49.19	50.81
Frampol	63.47	78.55	21.45
Hrubieszów	57.18	77.33	22.67
Dubeninki	53.70	60.68	39.32
Mikstat	66.24	70.87	29.13
Hrubieszów	61.61	57.50	42.50
Piątek	68.75	75.81	24.19
Łęki Szlacheckie	64.48	77.78	22.22
Trzyciąż	72.33	78.22	21.78
Szczutowo	64.00	71.18	28.82
Jawornik Polski	66.58	75.96	24.04
Postomino	74.81	45.25	54.75
Stronie Śląskie	62.22	41.76	58.24
Nowe	57.43	50.29	49.71
Józefów nad Wisłą	62.25	76.59	23.41
Sabnie	68.11	76.42	23.58
Korfantów	53.12	67.59	32.41
Bielsk Podlaski	53.88	51.10	48.90
Czeremcha	53.90	49.13	50.87
Kaliska	61.51	56.93	43.07
Ujsoły	68.85	66.28	33.72
Bejsce	55.69	72.47	27.53
Grunwald	58.25	56.66	43.34
Biała Piska	52.24	68.36	31.64
Jedlina-Zdrój	65.00	38.12	61.88
Radziejów	62.88	64.85	35.15
Sosnowica	64.26	67.88	32.12
Maków Mazowiecki	66.01	59.44	40.56
Czerwin	68.53	80.83	19.17
Bieżuń	66.39	72.96	27.04
zagranica	79.73	26.70	73.30
Wyszki	67.50	85.64	14.36
Bakałarzewo	61.58	64.91	35.09
Pilica	70.81	72.39	27.61
Banie Mazurskie	53.32	48.91	51.09
Bralin	69.31	52.12	47.88
Raszków	67.83	63.38	36.62
Brzeżno	55.87	53.68	46.32
Chrostkowo	58.75	73.10	26.90
Dębowa Łąka	56.30	63.83	36.17
Kowal	60.36	63.27	36.73
Kargowa	64.28	41.63	58.37
Kozłów	65.91	80.05	19.95
Radziemice	65.59	81.80	18.20
Stary Lubotyń	67.96	86.26	13.74
Sterdyń	71.39	75.33	24.67
Dziadkowice	60.95	80.20	19.80
Czarne	58.79	43.49	56.51
Jastarnia	87.45	29.11	70.89
Secemin	63.65	73.05	26.95
Mieścisko	63.62	54.80	45.20
Mielno	83.94	35.97	64.03
Kcynia	60.90	56.99	43.01
Wiązownica	66.72	82.19	17.81
Wielkie Oczy	65.31	81.36	18.64
Zawady	56.86	85.09	14.91
Suwałki	68.29	55.85	44.15
Władysławowo	83.52	33.73	66.27
Kawęczyn	64.39	78.79	21.21
Kamieniec Ząbkowicki	60.72	53.76	46.24
Ziębice	61.08	58.74	41.26
Topólka	65.62	60.23	39.77
Lubanie	67.40	65.95	34.05
Krynice	62.92	78.79	21.21
Skwierzyna	63.80	40.48	59.52
Grodków	60.62	54.48	45.52
Głuchołazy	59.32	52.86	47.14
Roźwienica	65.39	84.21	15.79
Jaświły	56.13	80.87	19.13
Grodzisk	61.57	75.38	24.62
Studzienice	70.44	49.09	50.91
Łeba	85.76	35.73	64.27
Oksa	68.33	78.98	21.02
Lidzbark Warmiński	52.72	51.47	48.53
Tuliszków	64.51	72.25	27.75
Dziwnów	86.09	32.99	67.01
Kamień Pomorski	65.42	38.48	61.52
Wolin	65.49	41.31	58.69
Bierutów	60.76	56.61	43.39
Kamień Krajeński	60.00	55.52	44.48
Sępólno Krajeńskie	63.33	46.75	53.25
Białopole	54.39	78.87	21.13
Gręboszów	54.76	78.69	21.31
Szczucin	60.29	77.12	22.88
Dydnia	62.85	83.88	16.12
Sejny	62.69	48.14	51.86
Susz	56.89	58.30	41.70
Małdyty	52.34	50.71	49.29
Wieleń	63.87	50.95	49.05
Rymań	59.80	50.97	49.03
Głogów	69.80	56.05	43.95
Międzybórz	60.36	51.55	48.45
Jelcz-Laskowice	68.75	51.52	48.48
Bobrowniki	60.06	58.97	41.03
Terespol	63.20	70.85	29.15
Gorzków	62.33	75.14	24.86
Abramów	68.26	87.98	12.02
Iłowa	58.52	50.02	49.98
Grabica	71.86	78.78	21.22
Czerwonka	70.11	82.17	17.83
Zagórz	62.90	72.50	27.50
Dziemiany	72.97	58.08	41.92
Stary Dzierzgoń	52.68	57.59	42.41
Busko-Zdrój	66.46	59.92	40.08
Nowy Korczyn	61.84	71.14	28.86
Lądek	63.58	65.68	34.32
Krzęcin	57.19	53.04	46.96
Międzyzdroje	74.95	36.39	63.61
Piława Górna	59.26	57.56	42.44
Zawidów	61.71	46.60	53.40
Dąbie	60.38	47.75	52.25
Koniusza	67.04	76.06	23.94
Gromnik	64.96	86.98	13.02
Szelków	71.49	73.68	26.32
Stoczek	68.85	74.75	25.25
Świerczów	64.19	57.06	42.94
Dubiecko	62.12	79.64	20.36
Narew	51.90	43.84	56.16
Lwówek	61.43	50.88	49.12
Polanów	55.81	48.68	51.32
Człopa	59.02	51.50	48.50
Golub-Dobrzyń	62.16	52.12	47.88
Jeziora Wielkie	62.46	62.64	37.36
Bytoń	66.08	74.03	25.97
Lubraniec	62.81	62.31	37.69
Włocławek	65.84	50.48	49.52
Piszczac	53.00	75.25	24.75
Nowodwór	70.13	83.92	16.08
Bogdaniec	65.50	44.70	55.30
Świdnica	72.17	33.30	66.70
Galewice	63.98	66.86	33.14
Uście Gorlickie	66.82	58.62	41.38
Lipowiec Kościelny	64.65	73.36	26.64
Ostrów Mazowiecka	65.14	57.58	42.42
Sierpc	62.34	71.73	28.27
Domaszowice	67.53	59.20	40.80
Wojaszówka	64.12	73.55	26.45
Stubno	56.12	77.48	22.52
Michałów	63.77	72.30	27.70
Włoszakowice	68.91	46.52	53.48
Ińsko	59.73	47.84	52.16
Karpacz	74.92	27.96	72.04
Kunice	71.13	46.45	53.55
Czernikowo	58.58	57.45	42.55
Szczebrzeszyn	60.35	75.28	24.72
Zwierzyniec	64.49	58.70	41.30
Lubsko	58.31	39.12	60.88
Łaskarzew	74.49	79.49	20.51
Grójec	71.26	49.94	50.06
Murów	47.36	42.61	57.39
Biała	49.08	52.15	47.85
Nozdrzec	63.23	82.03	17.97
Osiek Jasielski	65.84	86.92	13.08
Kamienica Polska	69.07	48.07	51.93
Rudnik	51.27	61.29	38.71
Stopnica	63.74	75.00	25.00
Waśniów	61.04	82.58	17.42
Dwikozy	58.08	64.91	35.09
Zawichost	61.84	68.31	31.69
Pieniężno	55.17	59.88	40.12
Ostrów Wielkopolski	67.16	59.36	40.64
Radowo Małe	54.36	48.96	51.04
Warta Bolesławiecka	59.70	57.64	42.36
Pieńsk	56.52	49.94	50.06
Sadki	60.79	56.70	43.30
Rogowo	60.88	70.48	29.52
Rejowiec Fabryczny	58.12	64.45	35.55
Siedliszcze	56.14	79.48	20.52
Adamów	65.68	76.18	23.82
Ośno Lubuskie	62.21	41.40	58.60
Słubice	67.13	31.00	69.00
Babimost	65.77	41.51	58.49
Kocierzew Południowy	68.15	82.76	17.24
Warta	66.31	71.61	28.39
Wieprz	71.59	69.88	30.12
Leszno	69.71	48.99	51.01
Brzozów	64.83	79.37	20.63
Oleszyce	63.59	77.33	22.67
Tuszów Narodowy	71.31	80.30	19.70
Adamówka	61.13	80.42	19.58
Stare Pole	56.66	43.03	56.97
Ustka	71.96	38.65	61.35
Borek Wielkopolski	61.72	60.78	39.22
Rychtal	61.45	61.65	38.35
Brudzew	68.54	76.98	23.02
Chociwel	63.57	50.26	49.74
Jeżów Sudecki	67.18	35.01	64.99
Więcbork	60.93	53.36	46.64
Milanów	61.35	73.92	26.08
Kąkolewnica	67.07	84.96	15.04
Łaszczów	61.99	76.98	23.02
Dobre	70.40	70.70	29.30
Krasiczyn	64.55	66.58	33.42
Grabowo	61.14	81.08	18.92
Mirzec	67.83	74.03	25.97
Kiwity	55.97	57.72	42.28
Jutrosin	61.09	64.83	35.17
Resko	56.24	48.30	51.70
Milicz	64.22	52.60	47.40
Biszcza	64.13	82.15	17.85
Borki	61.42	78.95	21.05
Bytom Odrzański	59.69	44.61	55.39
Żary	64.01	38.61	61.39
Pęczniew	69.41	66.10	33.90
Czarnożyły	68.10	69.37	30.63
Kamionka Wielka	74.20	83.03	16.97
Gołymin-Ośrodek	65.59	80.76	19.24
Domaradz	68.46	87.64	12.36
Gawłuszowice	67.06	83.92	16.08
Ostrów	67.90	83.89	16.11
Bielsk Podlaski	61.83	43.37	56.63
Dębnica Kaszubska	56.28	50.01	49.99
Pasłęk	58.14	45.96	54.04
Miłomłyn	60.36	42.71	57.29
Budzyń	63.53	44.24	55.76
Kołobrzeg	72.85	36.85	63.15
Ustronie Morskie	80.87	38.60	61.40
Grzmiąca	52.72	52.79	47.21
Polanica-Zdrój	69.00	40.84	59.16
Świerzawa	60.03	49.62	50.38
Grabów	63.37	80.62	19.38
Piwniczna-Zdrój	68.89	74.07	25.93
Mokobody	71.90	84.81	15.19
Żuromin	66.58	57.23	42.77
Byczyna	58.32	57.67	42.33
Kamiennik	59.11	71.90	28.10
Skoroszyce	59.63	66.41	33.59
Czersk	64.66	63.40	36.60
Sulęczyno	77.11	58.16	41.84
Malbork	65.80	37.66	62.34
Działdowo	64.52	49.01	50.99
Świętajno	64.66	52.61	47.39
Kępno	67.73	47.28	52.72
Kraszewice	64.44	61.16	38.84
Ostrowite	64.26	66.87	33.13
Złotów	57.90	50.72	49.28
Marianowo	60.97	62.40	37.60
Lubań	62.86	41.79	58.21
Wiązów	63.15	68.15	31.85
Waganiec	65.80	70.79	29.21
Dąbrowa Chełmińska	62.53	47.85	52.15
Osielsko	80.85	29.73	70.27
Unisław	61.06	54.46	45.54
Dragacz	58.71	49.71	50.29
Stary Brus	63.65	76.94	23.06
Torzym	57.29	42.35	57.65
Żagań	65.33	38.92	61.08
Radomsko	67.68	52.11	47.89
Proszowice	65.25	68.67	31.33
Bukowina Tatrzańska	68.55	72.25	27.75
Pacyna	66.38	79.55	20.45
Lutocin	63.41	77.55	22.45
Pokój	57.13	44.80	55.20
Lubaczów	62.38	83.27	16.73
Cisna	83.13	29.24	70.76
Krynica Morska	88.53	35.13	64.87
Ustka	81.34	39.02	60.98
Skórcz	66.77	58.61	41.39
Bliżyn	63.79	65.53	34.47
Wieliczki	54.56	69.41	30.59
Wielbark	52.82	64.50	35.50
Skoki	65.73	42.91	57.09
Malechowo	58.06	55.19	44.81
Świdwin	62.55	41.94	58.06
Brodnica	65.35	45.56	54.44
Tłuchowo	59.91	71.75	28.25
Kurów	66.56	73.38	26.62
Hanna	56.96	70.09	29.91
Kostrzyn nad Odrą	67.96	33.02	66.98
Drzewica	73.07	78.58	21.42
Masłowice	68.49	77.00	23.00
Żelechlinek	69.47	81.91	18.09
Czarny Dunajec	55.58	82.46	17.54
Nieporęt	80.28	44.26	55.74
Somianka	73.70	70.75	29.25
Brzostek	66.57	87.59	12.41
Padew Narodowa	66.72	83.12	16.88
Hajnówka	59.69	36.66	63.34
Marklowice	67.26	65.65	34.35
Milówka	69.35	70.34	29.66
Sędziszów	64.13	71.98	28.02
Bartoszyce	62.46	44.87	55.13
Rybno	61.90	66.03	33.97
Mikołajki	69.88	36.51	63.49
Biskupiec	58.02	45.28	54.72
Dobrzyca	65.35	61.42	38.58
Zaniemyśl	70.07	43.20	56.80
Drawsko Pomorskie	60.04	41.22	58.78
Trzebiatów	68.84	41.82	58.18
Przelewice	55.31	58.24	41.76
Osiecznica	57.88	51.17	48.83
Syców	65.31	43.85	56.15
Jaworzyna Śląska	59.45	53.62	46.38
Kruszwica	59.83	55.00	45.00
Otyń	66.06	44.48	55.52
Słońsk	62.58	49.96	50.04
Skąpe	63.54	40.40	59.60
Słaboszów	62.09	76.50	23.50
Krynica-Zdrój	70.72	58.75	41.25
Jabłonka	67.38	87.43	12.57
Trojanów	73.90	83.37	16.63
Kałuszyn	70.61	71.13	28.87
Nysa	63.06	49.45	50.55
Łubniany	55.48	36.38	63.62
Dębowiec	68.58	84.79	15.21
Niwiska	64.94	83.46	16.54
Czarna Dąbrówka	65.52	59.12	40.88
Kornowac	65.39	65.94	34.06
Krzyżanowice	53.25	50.31	49.69
Osiek	67.20	87.32	12.68
Lidzbark	59.90	60.71	39.29
Dąbrówno	56.79	58.67	41.33
Przedecz	61.55	72.40	27.60
Złotów	65.66	38.35	61.65
Okonek	55.71	50.73	49.27
Drawno	56.71	47.44	52.56
Stargard	63.08	48.71	51.29
Mirosławiec	59.16	41.98	58.02
Szklarska Poręba	74.09	33.64	66.36
Świebodzice	64.09	44.15	55.85
Stoszowice	59.89	58.23	41.77
Fabianki	63.41	45.17	54.83
Barcin	63.19	42.65	57.35
Międzyrzec Podlaski	68.07	81.75	18.25
Potok Górny	66.26	86.64	13.36
Potok Wielki	64.23	83.22	16.78
Krzczonów	65.46	74.93	25.07
Wojcieszków	68.05	84.92	15.08
Krzeszyce	66.00	48.07	51.93
Lisia Góra	68.38	76.38	23.62
Kościelisko	68.56	61.74	38.26
Stupsk	63.47	74.80	25.20
Brok	71.69	61.85	38.15
Nowe Miasto	69.87	66.06	33.94
Mochowo	60.14	76.95	23.05
Działdowo	56.21	65.80	34.20
Zalewo	52.03	51.56	48.44
Mrągowo	60.59	46.00	54.00
Kobylin	63.75	64.36	35.64
Wyrzysk	59.93	55.19	44.81
Słupca	63.85	66.34	33.66
Trzcińsko-Zdrój	54.81	53.45	46.55
Siemyśl	61.42	43.66	56.34
Barlinek	62.76	45.16	54.84
Dębno	61.65	42.60	57.40
Świdwin	53.46	59.22	40.78
Cieszków	64.85	61.81	38.19
Ciechocinek	75.18	46.15	53.85
Dobre	59.40	65.91	34.09
Lubicz	70.13	46.58	53.42
Obsza	65.62	83.83	16.17
Mircze	55.66	75.33	24.67
Izbica	60.03	74.87	25.13
Annopol	64.24	76.66	23.34
Parczew	64.29	60.78	39.22
Nowe Miasteczko	61.50	53.01	46.99
Sulechów	66.07	39.10	60.90
Rogów	70.42	66.63	33.37
Lipinki	65.89	79.79	20.21
Łososina Dolna	76.16	86.16	13.84
Zakopane	74.06	50.74	49.26
Białobrzegi	75.19	63.47	36.53
Radzanów	67.15	76.02	23.98
Słubice	67.67	78.66	21.34
Czerwińsk nad Wisłą	58.77	76.37	23.63
Dzierzążnia	66.10	77.44	22.56
Tułowice	63.19	53.44	46.56
Grębów	65.82	78.15	21.85
Szumowo	66.60	81.59	18.41
Stegna	72.82	39.09	60.91
Istebna	71.86	74.37	25.63
Ogrodzieniec	69.09	53.86	46.14
Kazimierza Wielka	59.80	68.39	31.61
Nowa Słupia	63.01	74.92	25.08
Kętrzyn	52.20	51.97	48.03
Szamocin	61.30	47.69	52.31
Sośnie	63.40	66.52	33.48
Rawicz	64.96	43.34	56.66
Myślibórz	59.54	47.89	52.11
Świeradów-Zdrój	69.00	37.12	62.88
Lubin	70.78	54.00	46.00
Ścinawa	64.66	69.48	30.52
Borów	69.21	64.48	35.52
Brodnica	62.39	52.07	47.93
Łaziska	63.80	77.78	22.22
Grabowiec	59.42	81.79	18.21
Radecznica	60.53	83.72	16.28
Krosno Odrzańskie	63.98	39.13	60.87
Strzelce Krajeńskie	61.72	40.28	59.72
Szprotawa	58.52	48.63	51.37
Żary	62.34	47.09	52.91
Kiełczygłów	71.39	78.59	21.41
Aleksandrów	73.16	76.20	23.80
Dalików	68.76	67.14	32.86
Klonowa	69.68	77.09	22.91
Charsznica	65.36	71.94	28.06
Gródek nad Dunajcem	70.51	79.40	20.60
Szczawnica	70.87	52.65	47.35
Łapsze Niżne	62.05	74.50	25.50
Nowe Miasto nad Pilicą	72.31	74.04	25.96
Lelis	67.70	77.60	22.40
Zatory	72.13	74.51	25.49
Prudnik	61.97	57.43	42.57
Kołaczyce	67.80	84.35	15.65
Somonino	66.12	60.03	39.97
Ryjewo	55.01	48.97	51.03
Krokowa	77.96	40.92	59.08
Przystajń	64.08	58.97	41.03
Kije	66.67	75.59	24.41
Elbląg	58.19	48.82	51.18
Ryn	66.43	43.35	56.65
Kętrzyn	61.85	41.95	58.05
Korsze	51.84	57.08	42.92
Srokowo	56.53	50.00	50.00
Świętajno	53.63	53.55	46.45
Niechanowo	67.86	59.33	40.67
Brzeziny	66.96	70.82	29.18
Trzcinica	64.72	61.79	38.21
Orchowo	61.90	61.29	38.71
Zagórów	60.97	66.02	33.98
Łobez	61.88	44.26	55.74
Złoty Stok	60.68	53.10	46.90
Białe Błota	74.16	33.47	66.53
Zbójno	57.81	68.24	31.76
Gruta	61.44	61.36	38.64
Brzuze	60.41	63.54	36.46
Drzycim	60.77	61.94	38.06
Chodecz	60.36	60.10	39.90
Tuczna	57.04	73.70	26.30
Cyców	64.49	77.38	22.62
Stężyca	68.22	73.82	26.18
Przytoczna	61.66	42.43	57.57
Gozdnica	55.10	45.53	54.47
Lipinki Łużyckie	56.54	46.99	53.01
Sokolniki	65.88	65.70	34.30
Głowno	67.35	73.96	26.04
Limanowa	73.53	83.04	16.96
Mszana Dolna	71.60	83.31	16.69
Tokarnia	74.65	82.76	17.24
Zator	68.88	60.93	39.07
Karniewo	67.61	78.13	21.87
Płońsk	65.45	66.11	33.89
Przyłęk	65.06	81.24	18.76
Jedlicze	64.61	71.56	28.44
Borowa	65.60	75.37	24.63
Bargłów Kościelny	53.44	76.69	23.31
Trzcianne	58.02	84.90	15.10
Krasnopol	59.95	57.40	42.60
Człuchów	64.91	36.60	63.40
Puck	69.55	36.94	63.06
Skórcz	62.13	72.04	27.96
Woźniki	64.52	63.35	36.65
Lipnik	60.31	78.00	22.00
Markusy	55.89	59.36	40.64
Karlino	53.81	50.44	49.56
Bierzwnik	60.05	51.81	48.19
Choszczno	62.39	44.51	55.49
Darłowo	77.24	39.51	60.49
Barwice	53.31	57.77	42.23
Jerzmanowa	73.12	51.54	48.46
Góra	59.22	51.65	48.35
Kamienna Góra	64.30	50.70	49.30
Wińsko	62.86	71.19	28.81
Zgorzelec	66.48	41.89	58.11
Inowrocław	66.90	38.82	61.18
Rypin	58.24	62.37	37.63
Pruszcz	64.48	52.61	47.39
Zławieś Wielka	66.09	42.66	57.34
Kęsowo	62.57	64.13	35.87
Brześć Kujawski	61.71	51.12	48.88
Goraj	63.60	85.44	14.56
Łukowa	66.07	82.41	17.59
Strzyżewice	66.45	71.59	28.41
Janowiec	68.43	65.09	34.91
Widawa	67.39	71.79	28.21
Żegocina	78.13	85.74	14.26
Krościenko nad Dunajcem	69.38	66.18	33.82
Raba Wyżna	63.66	78.37	21.63
Przeciszów	70.26	59.70	40.30
Bystra-Sidzina	63.22	76.96	23.04
Gostynin	64.62	66.52	33.48
Błędów	68.65	74.44	25.56
Płoniawy-Bramura	64.30	77.23	22.77
Nadarzyn	79.01	39.74	60.26
Krościenko Wyżne	68.85	73.18	26.82
Grodzisko Dolne	66.86	85.09	14.91
Łańcut	71.36	78.74	21.26
Iwierzyce	70.89	83.02	16.98
Siemiatycze	62.16	52.97	47.03
Kościerzyna	74.07	54.55	45.45
Słupsk	64.46	38.81	61.19
Szczyrk	74.06	54.87	45.13
Krzepice	69.31	60.25	39.75
Czernichów	73.55	60.82	39.18
Radziechowy-Wieprz	68.74	73.73	26.27
Małogoszcz	68.84	78.00	22.00
Sobków	68.60	74.97	25.03
Łoniów	63.98	77.20	22.80
Włoszczowa	67.63	68.19	31.81
Prostki	50.63	65.15	34.85
Reszel	58.14	47.07	52.93
Lidzbark Warmiński	63.66	38.92	61.08
Biskupiec	59.29	62.63	37.37
Trzcianka	66.12	37.65	62.35
Żerków	65.96	67.91	32.09
Koło	68.12	66.42	33.58
Olszówka	63.32	80.47	19.53
Nekla	69.08	46.86	53.14
Złocieniec	61.59	46.59	53.41
Kołobrzeg	76.83	37.10	62.90
Bobolice	58.19	53.34	46.66
Suchań	56.21	57.36	42.64
Wałcz	66.73	35.78	64.22
Niemcza	59.38	55.59	44.41
Kamienna Góra	60.90	46.60	53.40
Oleśnica	64.22	50.84	49.16
Złotoryja	65.51	45.10	54.90
Janikowo	60.83	51.18	48.82
Sosnówka	55.30	70.24	29.76
Trzeszczany	58.73	77.61	22.39
Wola Mysłowska	72.49	85.01	14.99
Komarów-Osada	66.43	75.34	24.66
Łagów	62.01	42.29	57.71
Wschowa	62.03	53.82	46.18
Stryków	73.48	52.00	48.00
Korzenna	73.66	87.29	12.71
Nowy Targ	64.30	56.59	43.41
Łosice	66.59	70.68	29.32
Baranowo	62.35	75.01	24.99
Chorzele	60.68	75.42	24.58
Rusinów	76.44	87.97	12.03
Skaryszew	72.72	80.36	19.64
Reńska Wieś	50.86	43.82	56.18
Zdzieszowice	54.42	41.54	58.46
Cieszanów	58.44	74.50	25.50
Czudec	69.56	79.49	20.51
Płaska	70.58	43.89	56.11
Grajewo	59.72	61.99	38.01
Dubicze Cerkiewne	57.19	44.02	55.98
Stawiski	58.07	83.52	16.48
Lipnica	71.36	63.66	36.34
Szczekociny	68.60	69.50	30.50
Sępopol	52.38	59.75	40.25
Lelkowo	49.37	58.56	41.44
Sieraków	64.25	42.71	57.29
Łobżenica	61.31	68.23	31.77
Suchy Las	82.38	24.53	75.47
Wągrowiec	61.23	51.84	48.16
Gryfice	60.73	42.57	57.43
Dobra (Szczecińska)	77.44	25.05	74.95
Sławno	63.03	46.37	53.63
Dolice	54.36	55.15	44.85
Szczecinek	55.74	56.21	43.79
Tuczno	57.45	53.01	46.99
Pieszyce	58.22	53.80	46.20
Walim	62.58	46.55	53.45
Piotrków Kujawski	63.62	67.73	32.27
Wąbrzeźno	62.77	40.58	59.42
Józefów	60.43	68.30	31.70
Dzwola	71.10	92.51	7.49
Opole Lubelskie	63.56	68.71	31.29
Zawoja	66.38	66.02	33.98
Rzewnie	76.37	70.73	29.27
Baboszewo	64.01	74.10	25.90
Sierpc	65.80	55.38	44.62
Brańszczyk	69.09	73.73	26.27
Paczków	60.38	59.66	40.34
Dobrodzień	47.59	48.94	51.06
Brzyska	69.50	88.00	12.00
Lesko	63.64	63.38	36.62
Nowinka	76.13	54.47	45.53
Goniądz	61.05	67.81	32.19
Drohiczyn	61.41	73.30	26.70
Buczkowice	71.58	57.23	42.77
Połaniec	68.98	70.63	29.37
Kisielice	56.07	66.33	33.67
Purda	65.60	39.96	60.04
Ostróda	66.33	38.27	61.73
Gołdap	57.68	44.70	55.30
Gniezno	68.73	40.64	59.36
Żelazków	70.55	63.98	36.02
Międzychód	66.85	36.24	63.76
Odolanów	67.48	68.01	31.99
Czerwonak	75.24	32.69	67.31
Nowogródek Pomorski	58.68	50.16	49.84
Szczytna	62.28	45.28	54.72
Twardogóra	64.42	53.75	46.25
Świdnica	63.33	48.40	51.60
Szczawno-Zdrój	71.83	34.03	65.97
Mogilno	63.99	49.70	50.30
Zakrzówek	65.81	81.14	18.86
Wola Uhruska	58.63	66.32	33.68
Zabór	71.04	31.26	68.74
Przewóz	61.43	55.08	44.92
Witonia	66.64	75.64	24.36
Uniejów	69.05	66.94	33.06
Żytno	65.57	75.61	24.39
Cielądz	68.69	83.56	16.44
Wietrzychowice	55.89	75.61	24.39
Biały Dunajec	64.97	78.70	21.30
Jakubów	71.73	74.84	25.16
Kosów Lacki	69.28	79.40	20.60
Grębków	68.12	77.87	22.13
Kietrz	61.17	59.33	40.67
Dąbrowa	61.90	44.39	55.61
Czarna	67.75	79.61	20.39
Jarosław	63.48	61.48	38.52
Bircza	60.21	82.33	17.67
Błażowa	68.21	79.71	20.29
Knyszyn	57.65	72.49	27.51
Stężyca	74.86	58.46	41.54
Jaworze	75.92	34.62	65.38
Wodzisław	65.62	75.52	24.48
Płośnica	58.84	66.95	33.05
Lubawa	63.86	74.63	25.37
Morąg	60.93	45.68	54.32
Gniezno	69.90	45.70	54.30
Sompolno	65.77	73.52	26.48
Kwilcz	63.42	46.38	53.62
Nowy Tomyśl	69.96	36.25	63.75
Ostrzeszów	66.59	46.44	53.56
Pleszew	66.47	49.33	50.67
Buk	72.24	44.52	55.48
Słupca	68.31	47.20	52.80
Powidz	80.14	41.55	58.45
Wronki	69.24	35.85	64.15
Kalisz Pomorski	56.83	47.77	52.23
Sianów	63.62	42.74	57.26
Darłowo	71.49	37.53	62.47
Kudowa-Zdrój	69.21	43.39	56.61
Lubień Kujawski	57.32	68.64	31.36
Białaczów	68.97	78.98	21.02
Sulmierzyce	71.94	75.64	24.36
Ładzice	64.51	69.42	30.58
Ropa	69.95	79.18	20.82
Książ Wielki	67.05	76.02	23.98
Łabowa	69.74	84.03	15.97
Radzanów	72.56	82.95	17.05
Mława	67.43	54.20	45.80
Szydłowo	67.18	72.95	27.05
Płońsk	69.19	51.33	48.67
Domanice	71.92	86.41	13.59
Jarosław	65.01	78.48	21.52
Pruchnik	67.42	87.73	12.27
Przeworsk	67.06	66.70	33.30
Dynów	63.31	82.67	17.33
Gródek	57.92	34.19	65.81
Stara Kiszewa	68.88	57.83	42.17
Radzionków	68.59	53.75	46.25
Włodowice	67.13	59.45	40.55
Ostrowiec Świętokrzyski	62.27	52.68	47.32
Łączna	68.66	75.76	24.24
Tolkmicko	57.65	48.75	51.25
Iława	67.63	44.31	55.69
Kurzętnik	64.45	70.73	29.27
Kamieniec	64.53	58.85	41.15
Jaraczewo	65.18	67.95	32.05
Święciechowa	66.73	44.19	55.81
Pyzdry	63.06	65.55	34.45
Konin	68.57	48.38	51.62
Banie	54.92	59.77	40.23
Będzino	70.07	41.48	58.52
Borne Sulinowo	62.67	44.22	55.78
Kobierzyce	75.58	36.14	63.86
Legnica	65.28	45.25	54.75
Rojewo	59.33	62.69	37.31
Włocławek	64.98	39.55	60.45
Janów Lubelski	68.80	74.32	25.68
Ulhówek	50.64	83.00	17.00
Kolsko	61.12	50.79	49.21
Nieborów	71.82	70.82	29.18
Szadek	68.15	67.71	32.29
Gorlice	65.38	72.25	27.75
Nawojowa	72.85	82.41	17.59
Brzeszcze	71.21	56.23	43.77
Radzanowo	67.45	63.04	36.96
Gielniów	70.38	83.45	16.55
Sadowne	71.12	75.62	24.38
Pawłowiczki	48.68	50.99	49.01
Iwonicz-Zdrój	69.99	75.41	24.59
Leżajsk	65.01	85.19	14.81
Radomyśl nad Sanem	61.75	76.94	23.06
Niebylec	70.74	85.05	14.95
Olszanica	63.39	66.71	33.29
Solina	79.54	54.37	45.63
Chojnice	66.81	44.01	55.99
Starogard Gdański	64.49	50.35	49.65
Jędrzejów	67.24	64.01	35.99
Gowarczów	66.31	76.71	23.29
Kruklanki	72.83	39.97	60.03
Krobia	60.28	64.66	35.34
Ślesin	66.74	63.34	36.66
Bolesławiec	65.82	41.69	58.31
Kłodzko	60.29	56.27	43.73
Lądek-Zdrój	62.82	46.93	53.07
Lubin	66.64	53.96	46.04
Lwówek Śląski	60.75	47.52	52.48
Trzebnica	69.08	49.35	50.65
Jelenia Góra	66.96	35.61	64.39
Gniewkowo	61.38	53.62	46.38
Inowrocław	63.61	51.39	48.61
Strzelno	59.07	55.41	44.59
Zakrzew	64.87	85.92	14.08
Tomaszów Lubelski	65.61	59.00	41.00
Susiec	62.83	75.14	24.86
Hańsk	58.52	67.25	32.75
Gubin	62.74	30.06	69.94
Nowa Sól	66.82	40.44	59.56
Kożuchów	61.65	45.73	54.27
Pabianice	68.76	44.91	55.09
Działoszyn	67.89	63.91	36.09
Gidle	63.62	66.16	33.84
Ostrówek	65.54	71.76	28.24
Lipnica Murowana	73.31	82.09	17.91
Kęty	70.65	57.05	42.95
Osiek	69.63	67.29	32.71
Nowe Brzesko	66.69	75.28	24.72
Ciechanów	68.86	54.29	45.71
Gostynin	66.93	52.07	47.93
Ciepielów	62.94	78.35	21.65
Leoncin	72.75	65.86	34.14
Drobin	58.38	75.30	24.70
Wiśniew	75.42	85.82	14.18
Czermin	65.78	81.55	18.45
Tryńcza	67.86	86.88	13.12
Szepietowo	67.47	78.63	21.37
Wysokie Mazowieckie	68.28	84.71	15.29
Kolbudy	73.73	31.65	68.35
Kwidzyn	59.16	52.68	47.32
Nowy Dwór Gdański	60.65	41.71	58.29
Kępice	54.42	42.56	57.44
Będzin	66.64	39.66	60.34
Wojkowice	68.05	37.15	62.85
Psary	70.52	38.66	61.34
Zawiercie	66.57	48.55	51.45
Sosnowiec	66.55	40.84	59.16
Pierzchnica	66.42	77.78	22.22
Złota	61.85	73.83	26.17
Staszów	63.44	65.81	34.19
Giżycko	67.29	35.56	64.44
Barciany	49.82	59.05	40.95
Kiszkowo	65.33	53.72	46.28
Murowana Goślina	72.90	34.21	65.79
Września	69.92	46.52	53.48
Kozielice	58.59	68.33	31.67
Koszalin	70.06	35.25	64.75
Gromadka	60.60	62.87	37.13
Głogów	66.24	49.49	50.51
Mściwojów	61.90	56.38	43.62
Świdnica	68.40	40.01	59.99
Międzyrzec Podlaski	66.31	66.65	33.35
Chełm	62.25	65.65	34.35
Uchanie	62.15	84.01	15.99
Skierbieszów	64.44	81.76	18.24
Świebodzin	64.84	40.31	59.69
Dąbrowice	66.56	76.57	23.43
Kiernozia	66.69	76.35	23.65
Kobiele Wielkie	66.76	67.51	32.49
Nowy Kawęczyn	69.30	71.02	28.98
Łubnice	63.14	66.67	33.33
Zduńska Wola	68.74	64.58	35.42
Ozorków	72.60	63.66	36.34
Iwanowice	71.75	69.99	30.01
Tymbark	73.45	81.36	18.64
Ochotnica Dolna	73.47	82.22	17.78
Szaflary	57.97	83.19	16.81
Dzierzgowo	63.52	79.52	20.48
Gąbin	66.78	68.43	31.57
Sochaczew	69.81	50.03	49.97
Mszczonów	69.89	64.04	35.96
Baborów	56.73	61.66	38.34
Ozimek	53.77	43.07	56.93
Kolonowskie	49.21	44.44	55.56
Haczów	68.32	80.54	19.46
Jodłowa	64.02	87.20	12.80
Dzikowiec	58.11	84.90	15.10
Krzywcza	63.93	86.72	13.28
Zaleszany	64.64	75.59	24.41
Boćki	61.88	74.34	25.66
Miastko	56.74	44.08	55.92
Główczyce	51.70	51.57	48.43
Lubichowo	65.83	54.94	45.06
Mierzęcice	68.40	48.50	51.50
Pilchowice	66.32	49.18	50.82
Koszęcin	65.13	61.28	38.72
Nędza	55.10	54.19	45.81
Dąbrowa Górnicza	68.04	41.35	58.65
Ruda Maleniecka	72.23	71.28	28.72
Tarłów	59.83	79.81	20.19
Koprzywnica	66.57	73.73	26.27
Braniewo	59.85	41.77	58.23
Godkowo	53.15	64.61	35.39
Mrągowo	65.26	41.69	58.31
Koło	65.74	52.57	47.43
Krzymów	68.83	72.48	27.52
Wysoka	59.77	60.20	39.80
Kalisz	69.73	41.01	58.99
Stepnica	54.39	43.11	56.89
Duszniki-Zdrój	66.56	40.64	59.36
Bystrzyca Kłodzka	62.72	51.45	48.55
Prochowice	62.75	56.48	43.52
Siekierczyn	63.84	47.93	52.07
Polkowice	65.28	57.24	42.76
Wisznia Mała	74.91	48.20	51.80
Koronowo	64.50	46.92	53.08
Radomin	62.88	72.75	27.25
Złotniki Kujawskie	61.78	53.42	46.58
Dobrzyń nad Wisłą	58.86	66.39	33.61
Świecie	64.11	42.79	57.21
Ryńsk	57.93	58.31	41.69
Horodło	55.12	74.46	25.54
Puchaczów	69.54	76.02	23.98
Krzywda	65.58	82.23	17.77
Tomaszów Lubelski	62.65	77.03	22.97
Sława	64.58	47.39	52.61
Łyszkowice	68.29	76.69	23.31
Sławno	71.53	81.77	18.23
Rzezawa	68.50	76.90	23.10
Igołomia-Wawrzeńczyce	64.57	73.75	26.25
Jodłownik	69.66	83.13	16.87
Chełmiec	72.77	79.03	20.97
Nowy Targ	61.99	76.63	23.37
Serock	73.55	46.96	53.04
Solec nad Wisłą	61.57	70.52	29.48
Brwinów	78.93	40.62	59.38
Krzynowłoga Mała	69.10	85.83	14.17
Borkowice	67.77	74.01	25.99
Iłża	62.30	71.18	28.82
Korczew	65.71	72.82	27.18
Kotuń	68.68	74.74	25.26
Skórzec	71.94	84.67	15.33
Bemowo	79.18	29.77	70.23
Strzeleczki	50.37	48.18	51.82
Wadowice Górne	65.73	85.32	14.68
Sokółka	60.05	61.27	38.73
Łomża	63.85	60.71	39.29
Przechlewo	62.63	47.45	52.55
Cedry Wielkie	62.04	44.76	55.24
Suchy Dąb	59.61	46.42	53.58
Wicko	60.74	41.03	58.97
Hel	77.70	30.88	69.12
Słupsk	66.86	37.83	62.17
Ustroń	70.06	37.88	62.12
Popów	65.39	61.62	38.38
Ciasna	50.45	56.26	43.74
Łazy	67.65	50.31	49.69
Pińczów	62.68	64.48	35.52
Moskorzew	65.98	76.08	23.92
Braniewo	50.89	53.58	46.42
Lubawa	66.68	54.34	45.66
Szczytno	66.06	47.25	52.75
Witkowo	69.36	52.52	47.48
Krzywiń	64.67	65.16	34.84
Ostrów Wielkopolski	69.05	39.18	60.82
Tarnowo Podgórne	79.81	28.49	71.51
Jastrowie	56.67	44.73	55.27
Cedynia	56.37	45.04	54.96
Strzelin	67.48	49.37	50.63
Głuszyca	59.96	40.80	59.20
Radziejów	65.12	54.08	45.92
Grudziądz	63.77	41.70	58.30
Ruda-Huta	56.19	71.18	28.82
Krasnystaw	60.75	71.04	28.96
Szastarka	67.78	86.15	13.85
Urszulin	72.54	70.85	29.15
Cybinka	58.13	48.10	51.90
Drezdenko	62.08	46.62	53.38
Gorzów Wielkopolski	67.35	36.87	63.13
Kutno	67.53	52.26	47.74
Żychlin	60.45	60.57	39.43
Poświętne	74.12	78.70	21.30
Ksawerów	73.19	44.93	55.07
Gorzkowice	69.01	75.78	24.22
Wierzchlas	67.35	66.26	33.74
Nowy Wiśnicz	74.96	76.42	23.58
Trzebinia	68.01	48.68	51.32
Dąbrowa Tarnowska	63.24	75.71	24.29
Olesno	62.21	82.27	17.73
Rytro	71.93	77.78	22.22
Rabka-Zdrój	68.43	66.80	33.20
Skrzyszów	67.53	74.72	25.28
Kalwaria Zebrzydowska	68.88	61.67	38.33
Warka	71.68	61.42	38.58
Stanisławów	72.03	75.89	24.11
Bodzanów	63.97	69.88	30.12
Pułtusk	67.65	57.33	42.67
Gózd	73.34	82.44	17.56
Przytyk	73.71	85.51	14.49
Teresin	70.96	60.16	39.84
Łochów	70.70	69.74	30.26
Tczów	69.92	84.23	15.77
Wilanów	84.86	22.04	77.96
Dobrzeń Wielki	55.56	29.70	70.30
Komańcza	54.07	53.84	46.16
Krynki	58.72	56.09	43.91
Rzeczenica	60.67	53.42	46.58
Kościerzyna	68.43	44.36	55.64
Smętowo Graniczne	60.28	63.76	36.24
Zblewo	64.62	60.44	39.56
Mikołajki Pomorskie	55.72	62.31	37.69
Brenna	70.58	53.80	46.20
Dąbrowa Zielona	64.76	67.50	32.50
Koziegłowy	65.76	62.57	37.43
Godów	69.64	63.85	36.15
Pacanów	62.04	76.39	23.61
Wiślica	61.26	74.31	25.69
Skalbmierz	62.62	79.98	20.02
Mniów	69.02	81.02	18.98
Obrazów	62.07	71.16	28.84
Bogoria	66.07	78.66	21.34
Rytwiany	63.85	74.79	25.21
Rychliki	51.56	55.53	44.47
Czarnków	63.72	49.53	50.47
Pogorzela	59.47	61.93	38.07
Grodzisk Wielkopolski	66.68	46.70	53.30
Opalenica	69.53	47.25	52.75
Oborniki	68.77	39.50	60.50
Pniewy	66.92	46.24	53.76
Wągrowiec	69.18	39.13	60.87
Czaplinek	60.65	42.65	57.35
Widuchowa	56.95	54.92	45.08
Nowa Ruda	58.61	42.59	57.41
Lubomierz	57.40	49.89	50.11
Żmigród	62.96	53.08	46.92
Bardo	62.28	50.19	49.81
Bobrowo	61.51	62.96	37.04
Golub-Dobrzyń	60.41	61.18	38.82
Szubin	63.48	45.56	54.44
Werbkowice	58.90	77.55	22.45
Michów	62.28	79.99	20.01
Milejów	62.05	74.65	25.35
Dęblin	68.29	58.65	41.35
Zamość	64.75	56.54	43.46
Żarnów	70.98	77.14	22.86
Wola Krzysztoporska	71.74	77.88	22.12
Rawa Mazowiecka	68.52	74.09	25.91
Ujazd	70.34	65.63	34.37
Parzęczew	71.12	58.13	41.87
Kocmyrzów-Luborzyca	70.97	60.93	39.07
Ryglice	64.14	79.51	20.49
Wadowice	69.03	57.04	42.96
Grabów nad Pilicą	75.67	77.94	22.06
Bulkowo	67.33	79.68	20.32
Sochocin	67.09	67.28	32.72
Płock	69.16	48.14	51.86
Kluczbork	60.82	44.92	55.08
Strzelce Opolskie	57.60	42.39	57.61
Ujazd	55.04	55.68	44.32
Ustrzyki Dolne	59.57	56.92	43.08
Harasiuki	60.65	83.58	16.42
Michałowo	57.22	48.68	51.32
Poświętne	68.80	86.89	13.11
Chojnice	67.57	49.35	50.65
Stary Targ	49.74	55.36	44.64
Koniecpol	63.88	68.45	31.55
Rędziny	67.03	56.91	43.09
Świerklaniec	68.90	47.74	52.26
Łagów	65.78	83.25	16.75
Samborzec	64.89	70.06	29.94
Godziesze Wielkie	67.66	65.70	34.30
Babiak	65.71	74.99	25.01
Rychwał	66.91	74.76	25.24
Wijewo	67.70	49.74	50.26
Rogoźno	66.15	43.45	56.55
Piła	69.50	35.65	64.35
Gołańcz	60.86	57.22	42.78
Szczecinek	64.92	42.51	57.49
Bolesławiec	64.85	50.52	49.48
Zawonia	63.30	55.48	44.52
Sulików	60.78	58.82	41.18
Węgliniec	59.16	49.60	50.40
Bartniczka	61.90	70.46	29.54
Łysomice	67.04	43.18	56.82
Toruń	70.91	36.89	63.11
Ludwin	67.17	70.20	29.80
Stoczek Łukowski	73.61	66.24	33.76
Karczmiska	60.56	73.35	26.65
Świdnik	69.18	58.05	41.95
Siedlisko	58.52	58.84	41.16
Dobiegniew	61.22	48.70	51.30
Lubniewice	64.36	41.09	58.91
Krośniewice	64.08	70.51	29.49
Kutno	67.74	66.52	33.48
Ręczno	69.42	73.17	26.83
Czerniewice	73.24	77.72	22.28
Zgierz	70.40	44.98	55.02
Grybów	76.07	86.63	13.37
Chełmek	68.94	55.12	44.88
Ciężkowice	64.22	75.32	24.68
Poronin	70.00	69.15	30.85
Latowicz	67.61	79.01	20.99
Karczew	74.12	59.31	40.69
Pruszków	71.87	40.72	59.28
Suchożebry	70.00	81.18	18.82
Ostrołęka	66.57	58.37	41.63
Skarbimierz	69.37	56.59	43.41
Głubczyce	63.71	59.50	40.50
Namysłów	66.11	53.20	46.80
Łambinowice	59.03	60.53	39.47
Dębica	67.58	76.57	23.43
Radymno	63.77	84.36	15.64
Nowy Żmigród	67.00	83.17	16.83
Skołyszyn	67.12	79.26	20.74
Chorkówka	66.30	77.14	22.86
Korczyna	67.84	74.98	25.02
Mielec	67.55	72.66	27.34
Przeworsk	68.24	83.70	16.30
Sieniawa	63.40	74.67	25.33
Sanok	63.08	56.00	44.00
Baranów Sandomierski	64.42	77.79	22.21
Piątnica	59.59	77.08	22.92
Suwałki	63.76	53.24	46.76
Tuchomie	59.79	55.60	44.40
Karsin	73.45	52.45	47.55
Osiek	69.49	50.63	49.37
Choczewo	75.18	33.81	66.19
Mikołów	71.23	42.67	57.33
Miasteczko Śląskie	64.95	61.41	38.59
Wodzisław Śląski	66.53	54.71	45.29
Jastrzębie-Zdrój	65.50	60.63	39.37
Imielno	67.29	77.78	22.22
Czempiń	64.40	47.69	52.31
Rydzyna	68.59	46.92	53.08
Puszczykowo	78.32	31.12	68.88
Krzykosy	65.70	59.54	40.46
Białogard	53.42	53.06	46.94
Osina	58.95	54.26	45.74
Płoty	56.19	52.18	47.82
Stargard	68.66	40.11	59.89
Stara Dąbrowa	59.48	60.92	39.08
Łagiewniki	64.77	62.18	37.82
Jawor	63.74	51.83	48.17
Piechowice	66.40	36.69	63.31
Krotoszyce	67.02	63.93	36.07
Oleśnica	67.63	42.93	57.07
Oborniki Śląskie	72.00	45.34	54.66
Wołów	63.74	52.50	47.50
Ciechocin	64.51	66.88	33.12
Dąbrowa	60.65	57.33	42.67
Warlubie	56.57	58.75	41.25
Wielka Nieszawka	71.20	38.87	61.13
Łabiszyn	62.17	52.34	47.66
Bydgoszcz	70.15	37.18	62.82
Sławatycze	62.04	63.92	36.08
Siemień	62.10	77.27	22.73
Strzelce Wielkie	66.55	79.85	20.15
Wróblew	67.32	75.61	24.39
Tomaszów Mazowiecki	68.35	52.42	47.58
Głowno	67.64	46.39	53.61
Tuchów	66.64	77.27	22.73
Żelechów	73.13	80.35	19.65
Różan	71.01	63.97	36.03
Nowy Dwór Mazowiecki	70.28	44.55	55.45
Goworowo	64.85	79.18	20.82
Radziejowice	75.50	54.20	45.80
Majdan Królewski	62.82	86.03	13.97
Fredropol	60.94	75.32	24.68
Zarzecze	68.78	82.54	17.46
Wiśniowa	66.14	81.22	18.78
Czyże	50.44	35.97	64.03
Nowa Karczma	67.18	59.73	40.27
Kwidzyn	65.00	40.73	59.27
Ostaszewo	59.63	49.00	51.00
Potęgowo	54.40	50.27	49.73
Dzierzgoń	56.45	50.39	49.61
Cieszyn	67.90	38.83	61.17
Kochanowice	57.57	62.89	37.11
Solec-Zdrój	69.35	70.14	29.86
Szydłów	65.34	75.68	24.32
Wilczyn	66.26	71.63	28.37
Chrzypsko Wielkie	61.56	54.22	45.78
Miejska Górka	61.03	61.46	38.54
Turek	66.56	52.03	47.97
Krajenka	63.84	47.49	52.51
Goleniów	66.59	40.40	59.60
Mysłakowice	65.01	40.30	59.70
Lubawka	63.37	44.88	55.12
Kondratowice	63.93	63.81	36.19
Mieroszów	60.07	43.89	56.11
Siechnice	72.04	38.03	61.97
Aleksandrów Kujawski	62.86	45.54	54.46
Sicienko	66.97	43.94	56.06
Dubienka	60.58	64.20	35.80
Rejowiec Fabryczny	59.66	80.36	19.64
Niedźwiada	67.20	81.62	18.38
Gubin	59.79	45.09	54.91
Stare Kurowo	57.46	47.89	52.11
Brody	55.84	43.31	56.69
Zielona Góra	72.27	31.07	68.93
Mniszków	68.42	80.65	19.35
Inowłódz	78.75	59.20	40.80
Wieruszów	67.06	54.22	45.78
Zapolice	67.30	65.23	34.77
Ozorków	67.23	53.24	46.76
Zgierz	73.57	49.45	50.55
Biecz	64.59	76.54	23.46
Podegrodzie	73.54	85.11	14.89
Wyśmierzyce	75.55	80.65	19.35
Regimin	66.91	72.36	27.64
Sobolew	73.21	81.50	18.50
Magnuszew	72.79	74.69	25.31
Piaseczno	78.63	35.63	64.37
Wolanów	71.03	79.09	20.91
Chrząstowice	56.22	34.23	65.77
Chłopice	64.50	86.21	13.79
Pawłosiów	66.89	75.66	24.34
Białobrzegi	67.53	81.04	18.96
Krzeszów	59.30	82.97	17.03
Siemiatycze	56.04	59.88	40.12
Sokoły	68.89	86.35	13.65
Bytów	66.27	46.01	53.99
Liniewo	66.22	61.41	38.59
Nowy Staw	55.44	46.55	53.45
Sztutowo	75.46	34.49	65.51
Sopot	77.59	27.84	72.16
Lyski	67.04	56.56	43.44
Żarnowiec	70.79	78.68	21.32
Częstochowa	69.30	44.37	55.63
Jaworzno	66.12	46.87	53.13
Bieliny	69.18	81.69	18.31
Chęciny	67.33	69.36	30.64
Stąporków	62.01	64.72	35.28
Iwaniska	65.59	82.75	17.25
Ćmielów	57.78	65.98	34.02
Oleśnica	59.84	76.03	23.97
Kielce	70.81	47.66	52.34
Grodziczno	64.72	76.63	23.37
Dźwierzuty	57.10	54.36	45.64
Kościelec	68.52	71.89	28.11
Kramsk	67.85	69.43	30.57
Kościan	71.21	38.49	61.51
Koźmin Wielkopolski	63.13	57.86	42.14
Komorniki	79.88	25.30	74.70
Szamotuły	70.01	38.43	61.57
Przybiernów	58.49	53.99	46.01
Nowogrodziec	57.96	60.91	39.09
Chojnów	64.25	62.37	37.63
Lubań	60.74	49.67	50.33
Przemków	59.18	62.85	37.15
Bądkowo	63.26	64.08	35.92
Solec Kujawski	67.88	38.66	61.34
Gostycyn	59.30	59.99	40.01
Płużnica	57.81	56.82	43.18
Żółkiewka	58.19	81.72	18.28
Dębowa Kłoda	60.75	69.52	30.48
Kazimierz Dolny	69.44	58.10	41.90
Ryki	69.95	67.74	32.26
Adamów	64.81	78.33	21.67
Zbąszynek	67.56	37.39	62.61
Jasień	58.03	42.65	57.35
Kluki	70.05	76.33	23.67
Łódź	70.29	36.17	63.83
Mszana Dolna	69.58	67.32	32.68
Zakliczyn	67.74	77.45	22.55
Garwolin	75.35	71.76	28.24
Pomiechówek	73.67	53.31	46.69
Ostrów Mazowiecka	66.25	75.30	24.70
Ceranów	69.57	82.43	17.57
Zabrodzie	72.82	73.29	26.71
Targówek	74.64	40.05	59.95
Kuryłówka	63.32	84.32	15.68
Rudnik nad Sanem	59.40	69.64	30.36
Sanok	64.37	76.98	23.02
Pysznica	61.63	72.29	27.71
Kleszczele	54.97	47.70	52.30
Tczew	65.88	46.87	53.13
Linia	69.86	69.85	30.15
Szemud	72.00	49.69	50.31
Gdańsk	74.93	29.82	70.18
Sławków	69.87	50.08	49.92
Poczesna	69.81	49.86	50.14
Czerwionka-Leszczyny	65.53	60.54	39.46
Tarnowskie Góry	68.07	43.54	56.46
Końskie	68.82	61.34	38.66
Starachowice	65.09	51.54	48.46
Iława	62.38	52.46	47.54
Ruciane-Nida	71.00	40.51	59.49
Chodzież	67.13	39.86	60.14
Krotoszyn	66.04	52.35	47.65
Nowe Skalmierzyce	65.58	56.23	43.77
Książ Wielkopolski	60.66	59.79	40.21
Białogard	63.46	40.66	59.34
Moryń	59.49	48.83	51.17
Boleszkowice	57.22	41.09	58.91
Lipiany	57.03	54.93	45.07
Gryfów Śląski	59.69	46.70	53.30
Dziadowa Kłoda	64.08	54.15	45.85
Grębocice	65.05	65.01	34.99
Kostomłoty	64.60	62.43	37.57
Nowa Wieś Wielka	66.81	39.82	60.18
Kowalewo Pomorskie	63.62	56.39	43.61
Chełmża	58.92	58.41	41.59
Rudnik	59.94	78.62	21.38
Bychawa	65.80	75.20	24.80
Opoczno	72.96	68.47	31.53
Gomunice	70.18	67.46	32.54
Regnów	77.86	80.57	19.43
Konopnica	70.36	67.96	32.04
Gorlice	64.76	56.23	43.77
Łużna	66.29	77.58	22.42
Michałowice	75.36	52.20	47.80
Maków Podhalański	68.15	68.03	31.97
Spytkowice	68.56	70.56	29.44
Grodzisk Mazowiecki	75.35	43.39	56.61
Strzegowo	63.78	74.45	25.55
Tarczyn	73.18	59.63	40.37
Gzy	65.72	77.14	22.86
Iłów	69.26	74.54	25.46
Błonie	72.51	49.27	50.73
Marki	73.48	47.42	52.58
Śródmieście	73.44	31.64	68.36
Krapkowice	55.93	41.04	58.96
Jasło	65.66	62.17	37.83
Rymanów	68.05	74.38	25.62
Przecław	67.77	82.25	17.75
Jeżowe	68.08	91.42	8.58
Kańczuga	61.93	73.35	26.65
Zarszyn	62.32	70.52	29.48
Turośń Kościelna	72.39	63.23	36.77
Jeleniewo	67.80	64.08	35.92
Ciechanowiec	63.05	75.25	24.75
Rutki	65.09	81.43	18.57
Kobylnica	64.61	38.90	61.10
Wilamowice	73.20	60.21	39.79
Jejkowice	71.17	63.16	36.84
Nagłowice	66.80	79.54	20.46
Radoszyce	65.43	81.48	18.52
Brody	65.28	69.71	30.29
Nidzica	62.01	52.25	47.75
Węgorzewo	64.02	39.11	60.89
Kołaczkowo	64.09	66.90	33.10
Mieszkowice	61.47	47.14	52.86
Sławoborze	53.08	45.87	54.13
Szczecin	70.43	36.32	63.68
Oława	69.78	54.35	45.65
Wałbrzych	61.63	39.64	60.36
Aleksandrów Kujawski	61.75	58.65	41.35
Raciążek	68.11	58.90	41.10
Górzno	65.28	65.73	34.27
Jeżewo	60.77	57.57	42.43
Tuchola	64.87	52.45	47.55
Łomazy	63.35	74.84	25.16
Fajsławice	67.68	79.06	20.94
Siennica Różana	57.30	61.53	38.47
Santok	65.05	41.09	58.91
Rzepin	63.19	42.73	57.27
Nowogród Bobrzański	62.57	41.92	58.08
Żagań	58.32	47.56	52.44
Zadzim	66.59	69.76	30.24
Dobryszyce	67.77	67.06	32.94
Błaszki	66.88	75.54	24.46
Zduńska Wola	68.23	53.20	46.80
Brzeziny	72.25	62.80	37.20
Skierniewice	71.91	48.55	51.45
Słopnice	72.55	87.11	12.89
Miechów	65.65	63.64	36.36
Lubień	72.18	79.77	20.23
Sułkowice	69.66	70.02	29.98
Sienno	63.45	76.13	23.87
Mrozy	70.85	65.61	34.39
Łąck	70.56	60.60	39.40
Kampinos	73.79	59.88	40.12
Radom	69.53	55.41	44.59
Białołęka	79.78	30.68	69.32
Mokotów	76.70	28.71	71.29
Ursynów	82.29	26.59	73.41
Wawer	80.13	38.07	61.93
Lubsza	63.19	58.33	41.67
Laszki	62.11	84.93	15.07
Ulanów	59.45	80.26	19.74
Bojanów	62.58	84.66	15.34
Baligród	66.07	66.87	33.13
Krosno	67.42	54.99	45.01
Pruszcz Gdański	72.60	32.40	67.60
Starogard Gdański	68.56	53.88	46.12
Morzeszczyn	54.77	62.79	37.21
Pelplin	60.70	56.61	43.39
Skoczów	67.34	50.32	49.68
Konopiska	66.14	50.86	49.14
Kłobuck	68.27	49.40	50.60
Niegowa	73.50	78.79	21.21
Krzanowice	48.62	52.07	47.93
Radlin	65.08	53.81	46.19
Poręba	65.37	45.04	54.96
Lubomino	53.95	58.46	41.54
Olecko	59.48	51.80	48.20
Rozogi	55.26	74.15	25.85
Olsztyn	70.67	35.92	64.08
Czarnków	69.20	36.64	63.36
Miasteczko Krajeńskie	59.22	47.35	52.65
Pobiedziska	73.29	37.52	62.48
Strzałkowo	65.95	59.24	40.76
Kaźmierz	67.83	39.25	60.75
Biały Bór	58.30	49.30	50.70
Kłodzko	64.30	42.96	57.04
Krośnice	63.31	59.42	40.58
Strzegom	63.17	53.27	46.73
Chełmno	63.73	39.86	60.14
Grudziądz	62.71	46.65	53.35
Wielgie	57.12	60.67	39.33
Lubiewo	65.10	61.75	38.25
Choceń	56.77	60.81	39.19
Wojciechów	68.01	74.54	25.46
Międzyrzecz	65.52	37.87	62.13
Zwierzyn	56.87	50.00	50.00
Dobroń	72.24	52.48	47.52
Lgota Wielka	68.25	73.56	26.44
Rawa Mazowiecka	71.15	56.54	43.46
Wieluń	68.08	51.84	48.16
Bolesławiec	62.91	63.11	36.89
Sękowa	64.84	63.33	36.67
Muszyna	67.57	66.27	33.73
Klucze	70.21	52.73	47.27
Olkusz	72.27	56.34	43.66
Wolbrom	70.08	67.10	32.90
Lanckorona	68.69	66.56	33.44
Tarnów	66.17	51.33	48.67
Borowie	71.11	81.43	18.57
Platerów	64.27	76.94	23.06
Zakroczym	64.80	61.30	38.70
Kadzidło	61.64	76.67	23.33
Rzekuń	71.01	66.70	33.30
Słupno	74.40	45.44	54.56
Staroźreby	61.86	75.73	24.27
Raszyn	75.93	49.08	50.92
Przasnysz	65.81	79.55	20.45
Radzymin	75.18	59.74	40.26
Rząśnik	73.47	79.16	20.84
Kuczbork-Osada	64.71	66.16	33.84
Horyniec-Zdrój	62.03	71.36	28.64
Dynów	67.58	74.36	25.64
Krypno	57.70	74.72	25.28
Pruszcz Gdański	72.78	31.69	68.31
Wisła	65.78	26.45	73.55
Pawonków	54.83	62.30	37.70
Poraj	68.05	46.73	53.27
Gorzyce	65.67	60.60	39.40
Rybnik	66.82	51.79	48.21
Morawica	68.30	62.38	37.62
Górowo Iławeckie	58.56	44.63	55.37
Pisz	60.06	56.80	43.20
Piaski	62.69	59.44	40.56
Baranów	67.62	56.07	43.93
Stare Miasto	71.82	59.37	40.63
Kostrzyn	68.12	44.33	55.67
Miłosław	67.32	56.98	43.02
Poznań	75.43	28.06	71.94
Chojna	61.23	48.86	51.14
Golczewo	59.98	51.00	49.00
Połczyn-Zdrój	60.59	49.33	50.67
Bielawa	60.83	47.16	52.84
Chojnów	61.78	51.16	48.84
Rokitno	62.26	72.93	27.07
Wisznice	63.52	67.63	32.37
Wysokie	65.57	81.87	18.13
Łuków	70.09	81.78	18.22
Stoczek Łukowski	70.19	85.48	14.52
Sulęcin	63.41	48.41	51.59
Niegosławice	59.84	53.63	46.37
Daszyna	61.46	74.71	25.29
Kodrąb	66.25	71.63	28.37
Aleksandrów Łódzki	73.35	41.33	58.67
Drwinia	71.67	81.08	18.92
Niedźwiedź	62.87	82.23	17.77
Raciechowice	69.00	75.01	24.99
Sońsk	66.43	74.54	25.46
Maciejowice	74.39	81.33	18.67
Sanniki	67.19	77.59	22.41
Łyse	59.67	78.30	21.70
Raciąż	62.07	81.56	18.44
Jedlnia-Letnisko	72.80	68.87	31.13
Żyrardów	71.68	48.35	51.65
Siedlce	71.13	58.00	42.00
Wola	74.62	32.80	67.20
Wołczyn	60.29	59.55	40.45
Gogolin	50.94	40.55	59.45
Zawadzkie	50.12	56.53	43.47
Żurawica	64.80	74.81	25.19
Sędziszów Małopolski	70.84	80.86	19.14
Sokołów Małopolski	67.88	86.21	13.79
Przemyśl	62.11	55.16	44.84
Narewka	57.80	37.45	62.55
Kolno	61.47	83.17	16.83
Miastkowo	61.54	84.88	15.12
Mońki	55.77	65.54	34.46
Tczew	66.77	44.34	55.66
Gniew	58.28	56.22	43.78
Wejherowo	68.76	41.57	58.43
Gdynia	75.04	29.94	70.06
Goczałkowice-Zdrój	71.45	51.58	48.42
Katowice	69.24	38.47	61.53
Suchedniów	66.74	54.35	45.65
Nowe Miasto Lubawskie	61.66	64.34	35.66
Elbląg	64.85	42.63	57.37
Śmigiel	65.19	55.37	44.63
Osieczna	65.68	51.16	48.84
Luboń	76.44	31.62	68.38
Stęszew	69.96	41.46	58.54
Obrzycko	61.68	47.61	52.39
Zakrzewo	61.09	53.67	46.33
Kołbaskowo	71.17	31.09	68.91
Świnoujście	70.65	34.08	65.92
Oława	69.83	43.87	56.13
Dobromierz	60.60	59.98	40.02
Prusice	65.41	60.68	39.32
Izbica Kujawska	61.59	71.55	28.45
Urzędów	66.63	77.86	22.14
Chełm	62.99	53.29	46.71
Lutomiersk	71.55	50.93	49.07
Piotrków Trybunalski	69.39	51.02	48.98
Alwernia	71.00	59.84	40.16
Wierzchosławice	68.09	69.49	30.51
Legionowo	75.56	42.48	57.52
Andrzejewo	74.71	86.41	13.59
Małkinia Górna	69.92	76.76	23.24
Lesznowola	82.17	35.47	64.53
Brzeg	64.20	47.82	52.18
Praszka	68.93	54.39	45.61
Niemodlin	59.76	54.73	45.27
Gorzyce	63.42	69.24	30.76
Łomża	66.82	71.60	28.40
Zambrów	67.30	75.18	24.82
Kartuzy	71.56	51.40	48.60
Sierakowice	75.68	71.59	28.41
Osieczna	67.44	68.04	31.96
Pietrowice Wielkie	54.01	55.15	44.85
Skarżysko-Kamienna	65.68	51.56	48.44
Iłowo-Osada	60.73	63.07	36.93
Janowo	58.45	66.26	33.74
Jeziorany	54.28	54.68	45.32
Blizanów	65.52	61.50	38.50
Sulmierzyce	65.94	58.97	41.03
Grabów nad Prosną	64.34	59.65	40.35
Mosina	75.15	37.63	62.37
Władysławów	72.14	78.44	21.56
Gościno	58.25	46.74	53.26
Dzierżoniów	65.54	45.30	54.70
Skrwilno	62.62	71.62	28.38
Biłgoraj	65.01	79.44	20.56
Żmudź	56.72	73.57	26.43
Kraśniczyn	58.66	72.25	27.75
Ostrówek	64.94	81.55	18.45
Trzciel	62.48	44.24	55.76
Pajęczno	67.12	63.30	36.70
Skierniewice	70.14	68.43	31.57
Borzęcin	61.18	77.67	22.33
Dobra	67.01	76.17	23.83
Łukowica	72.94	85.22	14.78
Krasnosielc	62.79	75.00	25.00
Olszewo-Borki	67.30	71.51	28.49
Izabelin	77.80	45.72	54.28
Praga-Północ	70.39	40.52	59.48
Wasilków	68.02	52.17	47.83
Sejny	59.32	55.08	44.92
Lębork	67.40	39.58	60.42
Strumień	70.51	59.19	40.81
Świerklany	71.41	67.66	32.34
Kroczyce	71.33	59.85	40.15
Węgierska Górka	69.02	68.33	31.67
Mysłowice	67.26	49.62	50.38
Bodzechów	61.72	63.08	36.92
Górowo Iławeckie	47.98	49.04	50.96
Orneta	56.35	50.58	49.42
Sorkwity	63.30	47.38	52.62
Chodzież	70.04	32.95	67.05
Jarocin	66.43	50.73	49.27
Osiek Mały	65.36	76.16	23.84
Kórnik	76.84	32.23	67.77
Nowe Warpno	65.87	35.05	64.95
Stara Kamienica	60.51	40.33	59.67
Lipno	57.24	62.97	37.03
Chełmża	61.18	46.61	53.39
Obrowo	70.65	46.88	53.12
Żnin	63.41	53.10	46.90
Zalesie	59.52	70.50	29.50
Modliborzyce	65.70	81.96	18.04
Tarnawatka	63.22	84.35	15.65
Łask	68.32	52.61	47.39
Poddębice	66.61	56.51	43.49
Wartkowice	63.14	72.36	27.64
Sadkowice	64.68	80.67	19.33
Będków	73.28	74.86	25.14
Rokiciny	71.35	65.50	34.50
Babice	69.72	59.57	40.43
Świątniki Górne	72.19	60.27	39.73
Kamienica	71.09	82.86	17.14
Łącko	71.17	83.36	16.64
Wiśniewo	64.35	73.15	26.85
Czosnów	73.55	49.54	50.46
Pokrzywnica	69.18	72.20	27.80
Sokołów Podlaski	69.84	60.72	39.28
Ożarów Mazowiecki	75.18	46.83	53.17
Wołomin	73.69	56.30	43.70
Zwoleń	68.37	69.65	30.35
Ursus	78.87	37.59	62.41
Włochy	78.27	33.83	66.17
Walce	49.39	43.34	56.66
Komprachcice	54.83	37.26	62.74
Turawa	55.20	37.81	62.19
Pilzno	70.34	83.88	16.12
Łańcut	70.03	62.02	37.98
Boguchwała	72.38	70.87	29.13
Zaklików	62.40	73.51	26.49
Wielowieś	53.52	61.07	38.93
Racibórz	61.40	46.83	53.17
Bieruń	67.94	60.82	39.18
Daleszyce	70.31	70.27	29.73
Fałków	67.74	80.16	19.84
Bartoszyce	55.42	58.12	41.88
Kalinowo	51.25	65.26	34.74
Olsztynek	62.52	44.84	55.16
Paszowice	61.57	57.65	42.35
Międzylesie	62.02	48.81	51.19
Długołęka	77.36	41.62	58.38
Radzyń Chełmiński	56.47	60.88	39.12
Pakość	61.55	50.74	49.26
Lipno	59.03	47.72	52.28
Nakło nad Notecią	64.55	45.61	54.39
Osie	62.92	48.54	51.46
Janów Podlaski	61.81	65.58	34.42
Małomice	58.93	49.66	50.34
Oporów	70.23	78.43	21.57
Biała	65.28	71.93	28.07
Czastary	62.24	69.29	30.71
Stary Sącz	71.42	77.45	22.55
Brzeźnica	69.50	63.45	36.55
Wilga	72.58	63.06	36.94
Żabia Wola	75.14	48.79	51.21
Nur	77.98	80.71	19.29
Mała Wieś	63.65	75.12	24.88
Przasnysz	67.91	57.81	42.19
Potworów	69.26	85.05	14.95
Świercze	64.90	69.46	30.54
Pionki	66.90	73.88	26.12
Siedlce	71.89	70.59	29.41
Sokołów Podlaski	69.71	77.60	22.40
Łomianki	79.34	38.18	61.82
Siemiątkowo	65.13	81.89	18.11
Popielów	53.14	44.71	55.29
Radomyśl Wielki	66.00	81.38	18.62
Medyka	63.25	76.19	23.81
Tarnobrzeg	65.04	51.79	48.21
Radziłów	57.61	86.98	13.02
Czyżew	69.91	82.18	17.82
Debrzno	54.66	48.23	51.77
Damnica	57.16	53.36	46.64
Wejherowo	70.18	47.76	52.24
Siewierz	69.85	53.37	46.63
Lubomia	62.45	67.27	32.73
Mszana	74.08	74.54	25.46
Bielsko-Biała	71.02	43.84	56.16
Chorzów	62.87	39.76	60.24
Strawczyn	70.03	77.45	22.55
Łubnice	66.90	82.84	17.16
Młynary	58.88	51.98	48.02
Koźminek	65.29	70.08	29.92
Golina	66.96	63.04	36.96
Kuślin	64.60	54.54	45.46
Dopiewo	80.83	27.60	72.40
Śrem	68.97	44.10	55.90
Kowary	61.61	38.56	61.44
Podgórzyn	66.52	35.65	64.35
Miękinia	71.28	42.85	57.15
Złotoryja	63.85	55.50	44.50
Turobin	71.21	85.01	14.99
Krasnystaw	63.01	56.48	43.52
Żyrzyn	68.91	76.51	23.49
Radzyń Podlaski	63.98	78.17	21.83
Krasnobród	70.99	77.81	22.19
Bojadła	58.17	48.23	51.77
Szlichtyngowa	63.58	65.96	34.04
Andrespol	73.42	47.49	52.51
Brzeźnio	66.09	67.72	32.28
Rzeczyca	71.59	80.06	19.94
Liszki	74.17	65.78	34.22
Oświęcim	69.26	45.88	54.12
Jordanów	68.24	62.14	37.86
Mucharz	72.24	63.95	36.05
Belsk Duży	70.42	67.56	32.44
Jabłonna	77.66	38.28	61.72
Brochów	68.19	69.82	30.18
Jabłonna Lacka	71.00	79.98	20.02
Korytnica	69.33	81.53	18.47
Puszcza Mariańska	68.55	61.96	38.04
Praga-Południe	76.92	33.20	66.80
Kędzierzyn-Koźle	62.31	39.65	60.35
Jasienica Rosielna	76.71	87.38	12.62
Żyraków	70.56	80.86	19.14
Nowa Sarzyna	66.51	85.07	14.93
Chmielnik	71.62	76.77	23.23
Frysztak	63.14	79.46	20.54
Chmielno	71.09	57.19	42.81
Skarszewy	61.86	57.76	42.24
Kłomnice	67.06	62.03	37.97
Knurów	66.43	52.10	47.90
Herby	65.65	51.44	48.56
Myszków	65.95	52.81	47.19
Gaszowice	66.72	57.64	42.36
Piekary Śląskie	65.55	52.60	47.40
Ruda Śląska	63.74	51.14	48.86
Świętochłowice	59.72	46.80	53.20
Klimontów	62.43	74.31	25.69
Pawłów	65.01	81.13	18.87
Stare Juchy	57.24	47.50	52.50
Nowe Miasto Lubawskie	63.13	48.71	51.29
Dobre Miasto	58.94	48.84	51.16
Jedwabno	66.84	44.49	55.51
Grzegorzew	65.22	75.82	24.18
Kleczew	67.01	69.94	30.06
Swarzędz	76.33	32.00	68.00
Recz	54.57	55.56	44.44
Pyrzyce	63.95	54.57	45.43
Wałcz	58.83	45.51	54.49
Miłkowice	68.07	54.50	45.50
Środa Śląska	64.88	51.55	48.45
Pielgrzymka	59.43	56.33	43.67
Zakrzewo	60.55	60.50	39.50
Kamień	58.00	71.51	28.49
Łęczna	68.46	66.59	33.41
Piaski	66.10	71.47	28.53
Sitno	64.90	82.13	17.87
Lublin	69.36	48.76	51.24
Nowa Sól	64.18	47.34	52.66
Zelów	68.21	71.24	28.76
Łęczyca	66.20	46.25	53.75
Goszczanów	66.37	77.94	22.06
Lututów	67.13	71.49	28.51
Chrzanów	68.07	44.91	55.09
Żabno	62.13	73.50	26.50
Gdów	71.69	68.96	31.04
Sypniewo	70.25	78.96	21.04
Bielsk	65.11	72.81	27.19
Jedlińsk	70.19	77.33	22.67
Dąbrówka	77.96	75.58	24.42
Kazanów	69.92	79.96	20.04
Lubowidz	65.06	69.23	30.77
Bielany	77.23	35.56	64.44
Ochota	75.15	30.86	69.14
Rembertów	78.04	38.10	61.90
Wilków	60.72	57.30	42.70
Otmuchów	62.55	61.41	38.59
Kamień	68.34	88.51	11.49
Krasne	73.37	66.99	33.01
Giby	68.45	52.63	47.37
Miłoradz	60.20	53.68	46.32
Pszczyna	72.63	54.83	45.17
Gliwice	68.39	39.07	60.93
Raków	66.51	75.38	24.62
Piecki	62.11	50.09	49.91
Stawiguda	76.58	27.85	72.15
Miłakowo	53.41	54.26	45.74
Orzysz	60.03	51.06	48.94
Przygodzice	69.57	57.01	42.99
Wolsztyn	71.10	41.67	58.33
Leszno	71.01	33.90	66.10
Police	66.76	42.76	57.24
Ząbkowice Śląskie	63.52	50.37	49.63
Stolno	60.29	56.80	43.20
Bukowiec	59.83	63.31	36.69
Firlej	64.22	74.38	25.62
Poniatowa	66.78	68.66	31.34
Chąśno	66.01	78.29	21.71
Brójce	74.87	59.61	40.39
Biała Rawska	65.96	72.52	27.48
Sieradz	69.84	50.92	49.08
Pcim	74.55	77.12	22.88
Stryszawa	71.10	69.98	30.02
Stryszów	69.62	66.19	33.81
Pniewy	69.37	63.38	36.62
Zawidz	66.13	76.18	23.82
Liw	69.51	73.29	26.71
Miedzna	71.77	76.82	23.18
Żoliborz	80.17	28.32	71.68
Olszanka	65.74	64.35	35.65
Opole	69.54	32.00	68.00
Raniżów	66.64	84.68	15.32
Dukla	65.14	75.07	24.93
Orły	66.13	78.00	22.00
Ropczyce	69.04	78.02	21.98
Stalowa Wola	63.18	61.20	38.80
Jedwabne	66.80	86.17	13.83
Suchowola	58.95	75.70	24.30
Malbork	60.05	39.83	60.17
Czeladź	67.48	38.53	61.47
Dębowiec	68.57	46.96	53.04
Przyrów	64.96	68.65	31.35
Pszów	64.09	60.89	39.11
Zabrze	57.13	44.82	55.18
Masłów	72.15	61.31	38.69
Sandomierz	65.46	49.21	50.79
Jonkowo	63.78	35.14	64.86
Ostróda	61.19	47.88	52.12
Kłecko	67.64	58.61	41.39
Trzemeszno	61.46	53.57	46.43
Chodów	62.64	76.07	23.93
Manowo	69.06	38.15	61.85
Dzierżoniów	65.30	58.48	41.52
Nowa Ruda	60.15	48.05	51.95
Wojcieszów	60.27	44.88	55.12
Jabłonna	64.11	72.66	27.34
Serokomla	65.64	83.89	16.11
Wohyń	60.90	75.18	24.82
Tyszowce	61.14	81.18	18.82
Pszczew	66.44	44.75	55.25
Górzyca	60.91	49.92	50.08
Domaniewice	68.67	75.57	24.43
Dłutów	72.64	62.27	37.73
Rząśnia	71.67	78.42	21.58
Bochnia	71.48	55.55	44.45
Laskowa	78.82	87.78	12.22
Sucha Beskidzka	67.85	51.54	48.46
Biskupice	74.01	66.78	33.22
Kłaj	71.93	57.95	42.05
Niepołomice	73.74	54.38	45.62
Wieliczka	71.74	51.60	48.40
Goszczyn	75.30	80.39	19.61
Myszyniec	63.38	80.39	19.61
Nowy Duninów	67.21	67.83	32.17
Michałowice	83.66	35.39	64.61
Jednorożec	59.74	75.53	24.47
Wodynie	69.96	84.78	15.22
Długosiodło	68.21	74.38	25.62
Dębica	69.32	62.11	37.89
Trzebownisko	72.09	71.60	28.40
Besko	63.54	78.12	21.88
Dąbrowa Białostocka	58.06	71.34	28.66
Lichnowy	54.27	50.29	49.71
Bobowo	62.60	69.56	30.44
Gierałtowice	70.83	53.38	46.62
Siemianowice Śląskie	65.89	41.38	58.62
Frombork	58.08	41.56	58.44
Giżycko	69.73	36.35	63.65
Biesiekierz	67.99	35.89	64.11
Kotla	61.15	62.24	37.76
Radków	61.43	50.89	49.11
Dobroszyce	66.87	54.38	45.62
Wrocław	73.59	33.38	66.62
Mrocza	59.81	56.55	43.45
Baruchowo	65.28	60.47	39.53
Trawniki	59.64	75.87	24.13
Zamość	66.20	66.77	33.23
Bledzew	62.20	47.55	52.45
Szczerców	72.09	72.50	27.50
Łęczyca	65.24	70.98	29.02
Rzgów	77.49	53.58	46.42
Przedbórz	67.34	71.24	28.76
Brąszewice	68.14	82.99	17.01
Libiąż	70.10	56.58	43.42
Bobowa	68.54	83.08	16.92
Limanowa	71.21	68.01	31.99
Tarnów	69.60	66.50	33.50
Milanówek	77.98	40.35	59.65
Głowaczów	73.61	79.37	20.63
Naruszewo	61.27	76.12	23.88
Załuski	63.24	71.02	28.98
Kobyłka	76.25	51.76	48.24
Jemielnica	47.51	56.32	43.68
Jasło	68.84	78.87	21.13
Stary Dzików	62.71	81.74	18.26
Głogów Małopolski	71.75	72.88	27.12
Hajnówka	55.35	40.33	59.67
Perlejewo	58.99	81.75	18.25
Parchowo	75.77	62.41	37.59
Trzebielino	54.55	48.52	51.48
Łaziska Górne	67.72	49.39	50.61
Miedźna	71.22	69.48	30.52
Lędziny	67.38	67.14	32.86
Rydułtowy	63.84	56.09	43.91
Bytom	60.35	45.88	54.12
Żory	67.63	52.17	47.83
Ełk	58.15	47.01	52.99
Szczytno	64.18	52.58	47.42
Kazimierz Biskupi	67.62	61.29	38.71
Nowe Miasto nad Wartą	64.38	58.60	41.40
Tychowo	57.74	47.78	52.22
Wleń	62.06	48.64	51.36
Czernica	80.43	37.64	62.36
Puławy	68.57	66.19	33.81
Lubycza Królewska	52.60	70.59	29.41
Biała Podlaska	66.31	56.23	43.77
Witnica	61.18	45.79	54.21
Maszewo	59.49	53.94	46.06
Drużbice	68.57	75.43	24.57
Tuszyn	70.61	55.59	44.41
Moszczenica	69.82	72.34	27.66
Wolbórz	73.71	67.23	32.77
Skawina	70.60	56.64	43.36
Słomniki	68.36	71.35	28.65
Racławice	63.95	79.57	20.43
Wiśniowa	76.69	83.21	16.79
Andrychów	70.35	60.23	39.77
Kraków	73.77	38.53	61.47
Nowy Sącz	69.43	59.91	40.09
Opinogóra Górna	64.79	74.38	25.62
Otwock	73.83	48.21	51.79
Góra Kalwaria	73.50	52.60	47.40
Wyszogród	63.59	68.64	31.36
Pionki	65.17	57.87	42.13
Kowala	70.20	73.79	26.21
Tłuszcz	71.67	68.73	31.27
Tarnów Opolski	55.90	41.27	58.73
Nisko	61.85	69.28	30.72
Strzyżów	63.29	72.38	27.62
Rajgród	59.05	58.89	41.11
Bobrowniki	68.82	43.16	56.84
Boronów	63.31	60.10	39.90
Zbrosławice	59.83	46.44	53.56
Tuczępy	63.68	77.95	22.05
Piekoszów	69.78	73.12	26.88
Nowiny	71.15	55.76	44.24
Płoskinia	50.59	54.00	46.00
Krzyż Wielkopolski	61.52	45.24	54.76
Łubowo	70.52	48.22	51.78
Wielichowo	66.77	59.02	40.98
Maszewo	57.91	53.85	46.15
Dobrzany	56.01	58.43	41.57
Węgorzyno	56.80	52.79	47.21
Pęcław	60.53	74.55	25.45
Kąty Wrocławskie	73.70	43.08	56.92
Ciepłowody	65.61	61.97	38.03
Zbiczno	71.62	50.14	49.86
Cekcyn	66.35	58.04	41.96
Konstantynów	62.90	71.77	28.23
Rejowiec	55.79	71.90	28.10
Lubartów	70.51	57.20	42.80
Krzeszowice	70.41	55.25	44.75
Pleśna	67.26	75.72	24.28
Mińsk Mazowiecki	74.56	48.85	51.15
Halinów	75.16	53.94	46.06
Paprotnia	73.74	87.50	12.50
Wyszków	69.71	61.63	38.37
Leżajsk	65.11	64.75	35.25
Wielopole Skrzyńskie	69.96	87.07	12.93
Rzeszów	69.94	50.32	49.68
Szczuczyn	65.05	73.73	26.27
Nurzec-Stacja	49.60	56.02	43.98
Sztum	60.42	41.35	58.65
Chybie	69.41	61.89	38.11
Kruszyna	67.37	65.69	34.31
Mstów	70.04	62.65	37.35
Pawłowice	71.09	67.46	32.54
Kluczewsko	70.37	79.14	20.86
Łukta	59.73	40.68	59.32
Mieleszyn	63.02	60.48	39.52
Żarów	61.40	51.81	48.19
Boguszów-Gorce	56.35	40.78	59.22
Koneck	61.30	68.24	31.76
Godziszów	79.30	95.24	4.76
Jastków	72.53	64.51	35.49
Spiczyn	62.41	68.60	31.40
Stanin	69.43	84.21	15.79
Chodel	64.52	82.76	17.24
Bedlno	64.81	75.18	24.82
Łowicz	70.15	53.22	46.78
Sieradz	70.08	68.74	31.26
Lubochnia	74.18	76.13	23.87
Rzepiennik Strzyżewski	71.27	85.12	14.88
Glinojeck	64.06	70.11	29.89
Lipsko	64.28	66.99	33.01
Obryte	74.32	75.96	24.04
Mordy	68.88	77.80	22.20
Rościszewo	66.89	81.33	18.67
Lasowice Wielkie	45.58	49.23	50.77
Brańsk	71.01	90.07	9.93
Grajewo	57.53	75.89	24.11
Wizna	63.65	83.32	16.68
Szudziałowo	54.07	65.39	34.61
Reda	71.78	34.88	65.12
Gniewino	60.61	50.10	49.90
Kobiór	73.24	58.74	41.26
Jeleśnia	70.98	70.20	29.80
Tychy	70.33	45.65	54.35
Ryczywół	64.14	51.38	48.62
Rokietnica	79.44	27.40	72.60
Brojce	54.93	58.52	41.48
Karnice	71.82	48.27	51.73
Gryfino	68.15	45.96	54.04
Tereszpol	62.67	74.96	25.04
Borzechów	70.14	84.04	15.96
Wielgomłyny	65.28	78.98	21.02
Skomlin	66.21	66.49	33.51
Łapanów	70.99	77.15	22.85
Skała	72.78	64.22	35.78
Jordanów	66.97	80.91	19.09
Wieliszew	77.25	45.19	54.81
Szreńsk	65.19	79.19	20.81
Piastów	76.96	45.23	54.77
Rybno	69.20	75.88	24.12
Szydłowiec	65.79	70.17	29.83
Głogówek	55.41	54.15	45.85
Cmolas	65.26	84.88	15.12
Lubenia	72.36	79.48	20.52
Nowa Dęba	62.49	70.63	29.37
Kolno	57.48	66.33	33.67
Sidra	56.96	75.24	24.76
Koczała	58.66	41.25	58.75
Kosakowo	79.55	30.71	69.29
Bojszowy	73.34	67.11	32.89
Wąchock	66.61	61.43	38.57
Radków	65.39	71.10	28.90
Bojanowo	59.02	49.35	50.65
Papowo Biskupie	56.08	60.41	39.59
Kikół	57.58	63.77	36.23
Osięciny	60.83	65.99	34.01
Biłgoraj	66.32	59.93	40.07
Łuków	70.69	62.89	37.11
Łabunie	65.82	81.31	18.69
Koluszki	71.94	55.44	44.56
Konstantynów Łódzki	71.19	43.80	56.20
Pabianice	77.07	52.40	47.60
Gnojnik	68.75	82.62	17.38
Czorsztyn	69.50	62.39	37.61
Tomice	69.16	63.38	36.62
Garwolin	75.16	60.67	39.33
Konstancin-Jeziorna	75.89	43.48	56.52
Węgrów	68.93	54.58	45.42
Ząbki	74.83	45.57	54.43
Mielec	67.18	60.13	39.87
Przemyśl	64.59	68.54	31.46
Łapy	66.98	74.00	26.00
Supraśl	72.57	43.40	56.60
Raczki	63.61	70.88	29.12
Wiżajny	67.57	66.44	33.56
Pyskowice	59.94	44.77	55.23
Chmielnik	66.34	74.19	25.81
Kunów	62.63	66.13	33.87
Lubasz	67.25	46.30	53.70
Opatówek	71.17	63.06	36.94
Perzów	62.97	53.81	46.19
Duszniki	67.74	52.68	47.32
Przykona	67.10	75.40	24.60
Turek	67.55	66.10	33.90
Lipka	55.27	52.23	47.77
Wierzchowo	61.86	51.52	48.48
Mirsk	58.63	49.14	50.86
Wąpielsk	57.37	66.38	33.62
Janowiec Wielkopolski	62.93	54.94	45.06
Serniki	68.71	81.36	18.64
Brzesko	66.15	65.24	34.76
Myślenice	73.71	63.68	36.32
Zembrzyce	71.07	66.71	33.29
Szerzyny	67.15	84.75	15.25
Szczawin Kościelny	65.16	75.45	24.55
Nasielsk	67.85	65.64	34.36
Zakrzew	75.29	77.35	22.65
Wierzbno	72.85	79.89	20.11
Zębowice	46.67	52.91	47.09
Augustów	65.65	53.74	46.26
Przytuły	63.96	91.18	8.82
Białystok	68.80	47.80	52.20
Bestwina	72.32	50.83	49.17
Janów	69.09	65.94	34.06
Wręczyca Wielka	65.20	54.83	45.17
Lipowa	69.12	58.11	41.89
Górno	72.83	75.28	24.72
Kowale Oleckie	47.66	61.61	38.39
Zduny	62.24	55.69	44.31
Stare Czarnowo	64.34	56.26	43.74
Sławno	55.67	55.36	44.64
Wąsosz	59.40	57.56	42.44
Zagrodno	62.45	67.20	32.80
Księżpol	68.44	81.93	18.07
Puławy	68.97	52.44	47.56
Czerwieńsk	64.02	40.40	59.60
Krzyżanów	65.81	72.75	27.25
Nowa Brzeźnica	68.23	68.70	31.30
Tomaszów Mazowiecki	73.88	63.79	36.21
Zielonki	77.31	43.56	56.44
Bukowno	66.91	49.85	50.15
Chynów	70.15	64.91	35.09
Chotcza	62.39	78.03	21.97
Troszyn	69.05	81.51	18.49
Strachówka	66.97	75.28	24.72
Krempna	58.57	70.84	29.16
Miejsce Piastowe	68.39	71.09	28.91
Rakszawa	72.70	83.90	16.10
Świlcza	69.92	72.33	27.67
Nowogród	64.48	72.82	27.18
Sadlinki	58.62	61.28	38.72
Żarki	67.02	61.64	38.36
Chełm Śląski	69.52	60.76	39.24
Bodzentyn	65.95	72.55	27.45
Gostyń	66.38	51.01	48.99
Doruchów	64.95	65.40	34.60
Pełczyce	54.39	56.00	44.00
Chełmno	56.40	51.65	48.35
Leśna Podlaska	64.84	76.97	23.03
Wilków	67.16	81.52	18.48
Strzelce	66.37	74.86	25.14
Pątnów	70.31	74.64	25.36
Oświęcim	73.08	54.34	45.66
Radłów	62.17	75.48	24.52
Promna	70.82	74.35	25.65
Pilawa	71.92	74.50	25.50
Mogielnica	69.42	74.84	25.16
Kozienice	70.49	62.51	37.49
Mińsk Mazowiecki	72.75	61.94	38.06
Boguty-Pianki	77.50	87.48	12.52
Zaręby Kościelne	68.02	83.60	16.40
Kołbiel	74.20	72.12	27.88
Prażmów	74.60	49.21	50.79
Wieniawa	69.29	82.66	17.34
Stare Babice	79.38	42.25	57.75
Lewin Brzeski	60.52	55.80	44.20
Zabłudów	62.50	61.18	38.82
Brańsk	67.69	83.21	16.79
Orla	55.02	39.65	60.35
Turośl	62.18	78.97	21.03
Jasionówka	58.53	75.35	24.65
Żukowo	74.85	39.85	60.15
Rudziniec	59.24	51.61	48.39
Panki	68.54	57.22	42.78
Zagnańsk	71.75	62.89	37.11
Słupia Konecka	66.65	78.71	21.29
Opatów	63.66	67.20	32.80
Kotlin	64.25	64.18	35.82
Krzemieniewo	64.65	58.67	41.33
Gołuchów	68.56	59.97	40.03
Lewin Kłodzki	63.15	45.71	54.29
Sobótka	65.86	50.95	49.05
Bełchatów	73.95	72.49	27.51
Rozprza	69.19	76.04	23.96
Garbatka-Letnisko	71.43	66.36	33.64
Mirów	65.65	87.57	12.43
Augustów	57.25	74.96	25.04
Zambrów	60.72	64.15	35.85
Nowa Wieś Lęborska	63.30	47.42	52.58
Hażlach	69.13	51.72	48.28
Poniec	59.44	62.54	37.46
Wierzbinek	65.83	84.11	15.89
Kościan	67.31	51.01	48.99
Rozdrażew	66.84	73.24	26.76
Legnickie Pole	69.53	59.94	40.06
Brzeg Dolny	65.78	46.75	53.25
Zgorzelec	62.85	51.05	48.95
Lisewo	60.58	59.79	40.21
Terespol	66.38	57.58	42.42
Tarnogród	66.55	77.44	22.56
Wólka	71.29	62.24	37.76
Rybczewice	61.36	82.79	17.21
Bełżec	60.74	71.80	28.20
Włodawa	63.29	50.22	49.78
Szczaniec	60.56	52.11	47.89
Wodzierady	77.75	58.52	41.48
Sulejów	69.35	65.14	34.86
Grudusk	67.89	79.20	20.80
Łaskarzew	74.35	70.69	29.31
Prószków	56.10	42.60	57.40
Mały Płock	60.47	82.48	17.52
Nowy Dwór	60.67	78.18	21.82
Puck	70.27	53.18	46.82
Czechowice-Dziedzice	71.24	48.11	51.89
Milejewo	60.06	52.33	47.67
Szczytniki	69.68	78.17	21.83
Gizałki	68.14	74.54	25.46
Świedziebnia	60.19	69.82	30.18
Rogowo	66.64	57.60	42.40
Lubartów	69.10	69.03	30.97
Podkowa Leśna	82.53	31.97	68.03
Policzna	65.61	76.15	23.85
Wesoła	81.94	35.88	64.12
Polska Cerekiew	49.77	46.56	53.44
Kołczygłowy	56.85	53.44	46.56
Gardeja	54.47	63.90	36.10
Luzino	69.41	61.30	38.70
Wilkowice	71.89	45.31	54.69
Blachownia	64.43	46.32	53.68
Starcza	72.78	56.47	43.53
Opatów	66.26	59.78	40.22
Kozłowo	54.42	68.16	31.84
Barczewo	63.24	40.97	59.03
Kłodawa	63.49	67.79	32.21
Skulsk	62.35	71.87	28.13
Czermin	69.02	69.45	30.55
Dobra	52.64	57.14	42.86
Niechlów	59.97	69.97	30.03
Bolków	58.91	52.73	47.27
Kraśnik	64.73	61.42	38.58
Głusk	73.38	59.36	40.64
Niedrzwica Duża	69.11	71.28	28.72
Nałęczów	72.25	63.85	36.15
Trzciana	78.28	80.90	19.10
Moszczenica	66.25	82.77	17.23
Gołcza	70.99	73.94	26.06
Bolesław	64.17	51.39	48.61
Sarnaki	68.84	68.66	31.34
Jastrząb	67.06	79.26	20.74
Wiskitki	67.51	67.89	32.11
Branice	59.92	62.54	37.46
Cisek	49.47	50.30	49.70
Pakosławice	66.91	64.86	35.14
Lubaczów	63.16	58.77	41.23
Człuchów	57.83	52.77	47.23
Rumia	73.92	35.56	64.44
Porąbka	71.05	59.10	40.90
Kalety	60.94	54.52	45.48
Żywiec	69.31	51.00	49.00
Skarżysko Kościelne	66.25	66.07	33.93
Kolno	53.61	57.51	42.49
Czerniejewo	66.99	55.23	44.77
Zbąszyń	71.03	39.68	60.32
Środa Wielkopolska	68.85	45.48	54.52
Nowogard	60.91	43.79	56.21
Jabłonowo Pomorskie	57.82	61.60	38.40
Dąbrowa Biskupia	57.87	60.04	39.96
Kraśnik	64.41	75.49	24.51
Radzyń Podlaski	65.09	62.14	37.86
Rusiec	73.93	74.20	25.80
Nowosolna	79.87	39.98	60.02
Jeżów	73.78	73.50	26.50
Bochnia	71.12	72.34	27.66
Koszyce	58.24	76.23	23.77
Józefów	78.96	42.46	57.54
Brudzeń Duży	64.17	74.42	25.58
Raciąż	66.75	63.27	36.73
Izbicko	53.27	42.46	57.54
Leśnica	56.10	51.41	48.59
Jaśliska	70.79	76.47	23.53
Narol	60.35	77.40	22.60
Markowa	71.58	83.16	16.84
Tworóg	62.72	55.21	44.79
Rajcza	67.85	66.59	33.41
Wojciechowice	60.70	71.07	28.93
Kobyla Góra	67.00	49.95	50.05
Białośliwie	64.93	54.73	45.27
Śliwice	69.80	59.71	40.29
Gąsawa	64.65	57.94	42.06
Włodawa	69.22	55.10	44.90
Wielka Wieś	78.21	50.53	49.47
Zabierzów	77.05	48.36	51.64
Sulejówek	76.41	49.04	50.96
Przysucha	68.98	71.07	28.93
Gozdowo	61.65	73.19	26.81
Repki	71.98	80.34	19.66
Zielonka	76.94	48.63	51.37
Kolbuszowa	63.91	73.57	26.43
Przywidz	66.28	47.69	52.31
Jasienica	73.11	51.43	48.57
Lelów	69.80	73.15	26.85
Gronowo Elbląskie	56.58	48.52	51.48
Połajewo	66.58	57.65	42.35
Leśna	58.77	50.37	49.63
Żórawina	72.44	43.68	56.32
Dorohusk	60.91	75.35	24.65
Sawin	58.99	72.87	27.13
Wierzbica	64.57	80.08	19.92
Kamionka	64.92	71.28	28.72
Mełgiew	69.85	67.51	32.49
Góra Świętej Małgorzaty	65.80	81.02	18.98
Mogilany	75.99	53.24	46.76
Stara Błotnica	74.96	85.70	14.30
Chlewiska	62.27	78.33	21.67
Poświętne	72.02	80.71	19.29
Rokietnica	60.41	86.71	13.29
Tarnowiec	67.32	80.27	19.73
Wąsosz	59.20	83.75	16.25
Zbójna	59.16	77.29	22.71
Zebrzydowice	68.89	56.59	43.41
Lipie	66.19	67.00	33.00
Orzesze	69.72	56.20	43.80
Świnna	70.84	63.82	36.18
Łopuszno	70.26	78.54	21.46
Gietrzwałd	66.22	37.99	62.01
Dobra	65.92	73.55	26.45
Dygowo	62.54	49.98	50.02
Kobylanka	75.11	39.03	60.97
Domaniów	67.14	62.30	37.70
Nieszawa	64.25	54.31	45.69
Jeziorzany	63.80	81.88	18.12
Bełchatów	69.71	62.30	37.70
Siepraw	73.47	68.58	31.42
Olszanka	70.97	84.74	15.26
Siennica	69.38	69.11	30.89
Sochaczew	69.04	60.75	39.25
Jadów	66.95	66.00	34.00
Olesno	54.26	44.57	55.43
Hyżne	74.20	85.92	14.08
Śniadowo	66.56	84.13	15.87
Szypliszki	59.23	62.03	37.97
Brusy	71.92	66.18	33.82
Ornontowice	70.13	62.05	37.95
Łękawica	71.25	69.86	30.14
Wydminy	59.32	50.81	49.19
Ceków-Kolonia	65.47	65.79	34.21
Lisków	64.43	72.22	27.78
Damasławek	67.12	60.18	39.82
Udanin	65.79	67.47	32.53
Biała Podlaska	66.76	65.84	34.16
Łanięta	64.13	76.61	23.39
Dmosin	69.30	65.46	34.54
Szczurowa	63.10	79.26	20.74
Radymno	60.82	70.03	29.97
Trąbki Wielkie	58.33	47.76	52.24
Baćkowice	64.27	82.65	17.35
Ożarów	61.71	67.63	32.37
Łęka Opatowska	66.32	60.16	39.84
Brzeźnica	63.35	58.14	41.86
Trzebiel	59.38	46.80	53.20
Radgoszcz	65.46	89.37	10.63
Jerzmanowice-Przeginia	74.43	70.14	29.86
Wojnicz	67.21	73.94	26.06
Klembów	74.36	69.45	30.55
Czarna Białostocka	61.93	61.68	38.32
Mielnik	63.22	50.00	50.00
Korycin	56.29	72.72	27.28
Olsztyn	70.30	54.35	45.65
Lubliniec	65.90	47.50	52.50
Suszec	71.57	65.46	34.54
Imielin	71.15	54.19	45.81
Jemielno	58.38	68.24	31.76
Trzydnik Duży	63.85	75.89	24.11
Uścimów	67.53	72.95	27.05
Nowe Ostrowy	64.29	70.34	29.66
Siemkowice	66.08	76.34	23.66
Radomsko	67.65	63.64	36.36
Kowiesy	68.09	69.87	30.13
Odrzywół	76.44	86.31	13.69
Bielany	83.60	87.15	12.85
Gać	65.74	82.15	17.85
Szydłowo	66.56	41.21	58.79
Wąwolnica	67.16	76.85	23.15
Czernichów	70.58	63.79	36.21
Dobczyce	72.27	66.99	33.01
Stromiec	68.75	80.51	19.49
Radłów	47.89	58.63	41.37
Tyczyn	71.58	73.46	26.54
Puńsk	54.08	43.77	56.23
Dywity	69.63	36.19	63.81
Rakoniewice	64.43	52.20	47.80
Lipno	68.68	41.52	58.48
Radwanice	68.22	61.22	38.78
Bogatynia	61.22	49.81	50.19
Świecie nad Osą	52.25	69.81	30.19
Końskowola	69.17	70.09	29.91
Świnice Warckie	65.62	73.54	26.46
Baranów	70.96	65.08	34.92
Wąsewo	69.01	78.67	21.33
Pszczółki	65.60	41.43	58.57
Kuźnia Raciborska	51.92	47.94	52.06
Chocianów	65.13	67.82	32.18
Garbów	68.44	73.58	26.42
Stary Zamość	67.89	77.76	22.24
Bolesław	49.73	78.08	21.92
Jastrzębia	72.90	77.97	22.03
Wierzbica	65.14	77.35	22.65
Zbuczyn	74.52	84.53	15.47
Orońsko	70.79	79.18	20.82
Miedziana Góra	73.11	61.86	38.14
Rzgów	68.16	66.26	33.74
Dobrcz	70.24	45.00	55.00
Jabłoń	68.60	77.05	22.95
Kleszczów	71.74	69.67	30.33
Brzeziny	69.04	56.08	43.92
Grybów	73.62	76.35	23.65
Jasieniec	66.53	69.25	30.75
Stara Kornica	63.42	84.28	15.72
Czarna	72.16	80.79	19.21
Wysokie Mazowieckie	68.59	65.68	34.32
Grodziec	65.76	71.95	28.05
Janowice Wielkie	67.47	40.75	59.25
Leśniowice	54.44	67.61	32.39
Jaktorów	75.44	51.91	48.09
Sobienie-Jeziory	73.63	67.43	32.57
Joniec	77.88	57.41	42.59
Gorzów Śląski	51.47	58.91	41.09
Milejczyce	56.75	51.05	48.95
Goleszów	67.81	33.42	66.58
Gilowice	70.70	67.46	32.54
Krasocin	68.93	77.08	22.92
Pępowo	67.42	67.03	32.97
Niemce	70.43	63.85	36.15
Czarna	64.16	61.56	38.44
Chocz	62.98	65.40	34.60
Przemęt	68.23	57.56	42.44
Olszyna	58.93	45.69	54.31
Kijewo Królewskie	64.70	55.84	44.16
Książki	57.94	58.73	41.27
Baranów	66.42	75.72	24.28
Telatyn	57.78	79.63	20.37
Tuplice	58.48	40.25	59.75
Zduny	69.20	69.23	30.77
Budzów	67.48	75.43	24.57
Jarocin	58.75	79.31	20.69
Choroszcz	66.56	60.55	39.45
Janów	59.05	70.27	29.73
Łęczyce	64.84	57.77	42.23
Wądroże Wielkie	65.94	56.59	43.41
Ulan-Majorat	69.12	85.18	14.82
Deszczno	66.75	43.71	56.29
Sędziejowice	70.32	68.68	31.32
Godzianów	73.88	79.42	20.58
Młynarze	76.86	81.03	18.97
Celestynów	76.65	63.38	36.62
Dobrzyniewo Duże	67.30	64.31	35.69
Juchnowiec Kościelny	69.77	59.76	40.24
Sułów	64.49	80.57	19.43
Wiązowna	79.09	52.94	47.06
Stara Biała	69.65	61.16	38.84
Młodzieszyn	66.70	74.63	25.37
Miedźno	69.87	70.82	29.18
Dolsk	64.37	58.94	41.06
Bielice	60.66	62.50	37.50
Ułęż	65.08	73.21	26.79
Miączyn	59.39	78.59	21.41
Maków	70.96	75.38	24.62
Nowa Sucha	69.29	68.13	31.87
Białowieża	68.43	31.35	68.65
Miedzichowo	68.95	50.10	49.90
Dębe Wielkie	72.77	62.99	37.01
Przodkowo	72.27	58.21	41.79
Kozy	74.90	50.27	49.73
Mykanów	72.57	62.42	37.58
Świeszyno	68.42	36.32	63.68
Ruja	66.28	69.60	30.40
Rudna	65.07	65.44	34.56
Łubianka	68.54	50.00	50.00
Batorz	76.60	87.65	12.35
Bełżyce	66.21	73.19	26.81
Paradyż	76.38	85.05	14.95
Bierawa	53.14	46.18	53.82
Czarnocin	73.46	74.05	25.95
Marcinowice	70.61	57.86	42.14
Kodeń	61.44	67.27	32.73
Konopnica	73.51	54.26	45.74
Buczek	72.15	65.82	34.18
Bolimów	69.75	67.30	32.70
Nowe Piekuty	74.23	86.95	13.05
Pozezdrze	63.80	46.47	53.53
Świekatowo	63.67	56.77	43.23
Drelów	61.01	78.04	21.96
Kłoczew	73.69	86.61	13.39
Kłodawa	73.22	33.32	66.68
Łęknica	59.75	32.45	67.55
Smyków	75.61	78.48	21.52
Ełk	56.30	50.53	49.47
Iwkowa	76.27	84.94	15.06
Rzeczniów	65.34	80.02	19.98
Prabuty	56.96	54.09	45.91
Margonin	73.01	42.90	57.10
Rogóźno	59.39	62.20	37.80
Komarówka Podlaska	62.42	75.38	24.62
Burzenin	65.19	69.29	30.71
Rudniki	67.56	63.55	36.45
Czarna Woda	67.34	57.66	42.34
Kowal	67.58	49.97	50.03
Tykocin	67.00	80.34	19.66
Rutka-Tartak	64.01	65.94	34.06
Łodygowice	74.48	59.09	40.91
Wilczyce	62.72	69.36	30.64
Pasym	66.37	46.77	53.23
Mycielin	63.23	73.52	26.48
Kaczory	68.22	50.09	49.91
Marciszów	60.92	51.74	48.26
Czchów	69.09	75.55	24.45
Dominowo	65.32	60.53	39.47
Kamieńsk	71.38	76.79	23.21
Lipce Reymontowskie	79.29	76.77	23.23
Winnica	72.39	73.38	26.62
Podedwórze	62.56	73.67	26.33
Trzebiechów	57.55	47.81	52.19
Łowicz	68.88	71.84	28.16
Dębno	69.16	72.49	27.51
Czarny Bór	68.56	51.09	48.91
Sośnicowice	60.88	44.59	55.41
Lutowiska	77.50	42.15	57.85
Sztabin	61.25	69.06	30.94
Smołdzino	70.79	43.89	56.11
Męcinka	64.86	63.54	36.46
Chrzanów	82.96	94.36	5.64
Dzierzkowice	66.04	76.26	23.74
Ostrów Lubelski	66.08	76.77	23.23
Mokrsko	66.62	69.20	30.80
Sułoszowa	78.27	79.52	20.48
Sieciechów	66.30	72.85	27.15
Przerośl	58.06	74.95	25.05
Subkowy	62.17	53.23	46.77
Ujście	64.67	46.30	53.70
Kleszczewo	80.11	34.79	65.21
Kock	66.44	80.83	19.17
Parysów	72.88	85.65	14.35
Borzytuchom	62.53	52.11	47.89
Stawiszyn	67.16	63.88	36.12
Trzebieszów	78.08	88.72	11.28
Bielawy	66.63	74.69	25.31
Klwów	94.83	82.99	17.01
Konarzyny	65.86	56.47	43.53
Ożarowice	73.34	52.70	47.30
Rąbino	52.21	60.54	39.46
Ojrzeń	67.84	77.82	22.18
Brodnica	61.00	49.09	50.91
Głuchów	79.89	85.09	14.91
Brzozie	69.81	70.48	29.52
Sieroszewice	65.48	68.92	31.08
Rudka	82.35	80.92	19.08
Koszarawa	74.43	75.54	24.46
Kołaki Kościelne	79.00	88.61	11.39
Malanów	59.44	73.00	27.00
Złoczew	65.85	72.88	27.12
Osieck	76.07	77.91	22.09
Wymiarki	65.90	54.44	45.56
Lubrza	62.88	57.65	42.35
Bukowsko	65.34	76.92	23.08
Kobylin-Borzymy	74.30	90.65	9.35
Granowo	68.41	59.46	40.54
Mędrzechów	58.11	79.11	20.89
Górzno	78.93	83.18	16.82
Toszek	56.77	56.90	43.10
Wilczęta	54.25	56.80	43.20
Siedlec	69.64	51.76	48.24
Mietków	70.02	56.24	43.76
Lipusz	75.33	60.36	39.64
Gaworzyce	68.44	65.53	34.47
Rachanie	58.55	83.31	16.69
Szulborze Wielkie	90.23	81.10	18.90
Lubrza	66.45	42.88	57.12
Czajków	76.50	66.90	33.10
Kulesze Kościelne	75.16	92.76	7.24
Żołynia	71.35	78.87	21.13
Wyryki	67.92	71.72	28.28
Wilkołaz	73.90	82.47	17.53
Osjaków	74.87	72.33	27.67
Miastków Kościelny	78.64	80.54	19.46
Suraż	76.97	75.43	24.57
Wyry	75.16	49.36	50.64
Budziszewice	74.63	73.32	26.68
Polanka Wielka	77.37	62.58	37.42
Krupski Młyn	66.98	50.77	49.23
Cegłów	72.51	60.90	39.10
Irządze	77.35	75.64	24.36
Czemierniki	70.62	75.31	24.69
Janowiec Kościelny	63.96	73.12	26.88
Wapno	61.38	53.50	46.50
Żukowice	70.92	60.48	39.52
Tarnówka	66.40	50.59	49.41
Klukowo	78.90	89.06	10.94
Bałtów	67.84	70.75	29.25
Pakosław	73.02	66.54	33.46
Markuszów	70.95	74.92	25.08
Boniewo	72.78	65.21	34.79
Ślemień	85.89	73.14	26.86
Spytkowice	76.03	80.67	19.33
Jordanów Śląski	82.97	62.62	37.38
Słupia	86.93	79.62	20.38
Platerówka	77.38	58.80	41.20
Obrzycko	82.15	44.38	55.62
Rossosz	81.24	71.98	28.02
statki	99.74	30.56	69.44
Warszawa	77.4	32.35	67.65
